Hs,Tp,Direction,damp_config,heave_std,pitch_std,roll_std,heave_max,pitch_max,roll_max
2.0,4.36,0,low,0.1287766369488376,1.726431330515379,0.0001167239755844,0.43091561646318,5.946869991155975,0.0010540566206344
2.0,4.36,45,low,0.1392509884921686,0.7792130786221357,1.2037647793264556,0.4531031256613356,2.7697743034612543,4.693894340272822
2.0,4.36,90,low,0.1236960338700754,0.7618611950242071,0.7260935908125524,0.3876180142947921,2.850719839548049,2.8079363326296463
2.0,4.36,135,low,0.1355788132046244,0.5890545019200593,0.4025474562211374,0.4835215940202275,2.3478548342461867,1.6954395697542708
2.0,4.36,180,low,0.1583341045990233,1.8953059871990052,0.0001340449736068,0.5273651911619085,7.149683894223842,0.0011118492914052
4.0,4.36,0,low,0.2034034926352163,3.282792123825633,0.0001957816068411,0.6790190767113258,11.694557603105531,0.0010249406766237
4.0,4.36,45,low,0.2236229452893381,1.617196126301811,2.471857698010487,0.6814264685566779,5.964849329340181,9.818037569163511
4.0,4.36,90,low,0.1888619205097194,1.599632554759039,1.51410156939561,0.5869515646207664,6.261995130966858,5.965715081060309
4.0,4.36,135,low,0.218625655953097,1.25266062018175,0.9001974110690444,0.7300200673897785,5.393012836021593,4.01519260470284
4.0,4.36,180,low,0.2663558083280174,3.855144496264821,0.0002641266460064,0.8173784563036428,14.81799143546508,0.0016116447651904
2.0,6.540000000000001,0,low,0.3362831350644772,2.028970511541312,0.0002723658114997,0.9784015677289146,7.236609056219239,0.0010553853546755
2.0,6.540000000000001,45,low,0.3703891158354461,1.3988515130459551,2.2843951739739325,1.203821776893292,5.610644399333589,8.983580630125402
2.0,6.540000000000001,90,low,0.3490576427423247,1.4811085103370885,1.553239064807447,1.0975383513203654,5.28919708499414,6.369114279479392
2.0,6.540000000000001,135,low,0.3637301734062734,0.8959990015200512,1.0209783700652717,1.1921060114052753,4.267665424364787,4.343273843662679
2.0,6.540000000000001,180,low,0.3920784658445309,3.06625281218438,0.0003938789704795,1.2940093393708327,13.080863893165198,0.0012542458232333
4.0,6.540000000000001,0,low,0.5169305915932424,3.6019348941660985,0.0003498808165645,1.4791228753237493,12.70415092249281,0.0017391344251
4.0,6.540000000000001,45,low,0.5760802616107314,2.838140314669437,4.498159750850328,1.85753434294839,10.346801549649909,17.20028402914598
4.0,6.540000000000001,90,low,0.5433563556766899,2.656687939007158,3.455342538738106,1.6724914387487215,8.649069374157612,14.746624785756584
4.0,6.540000000000001,135,low,0.5738732298650484,2.0559244935418906,2.186470633860821,1.7929067411366375,9.273566244497411,9.5019888108115
4.0,6.540000000000001,180,low,0.6055943955054042,6.133375283528544,0.0005405469069562,1.844804166336348,23.757715888976115,0.0022025522284851
2.0,8.72,0,low,0.4293878126372392,1.7830456749238213,0.000304168917999,1.3921753947282705,6.516594839398127,0.0010911132619357
2.0,8.72,45,low,0.4650543936393083,1.3748836436419596,2.2384101586382426,1.5815533069262258,4.803639333061391,8.53961610664058
2.0,8.72,90,low,0.4489273925428229,1.381612204914044,1.6646651278844402,1.4975919524706285,4.616689825637783,6.340948293601776
2.0,8.72,135,low,0.456043810613461,0.8390268465856908,1.157956891232213,1.522140967745283,3.640140931089054,4.564545910906109
2.0,8.72,180,low,0.4819452893445086,2.813606722484492,0.0004098933773963,1.636519138000414,10.808226396359164,0.0011903540060458
4.0,8.72,0,low,0.719705479673362,3.2166533792076137,0.0004187264642612,2.174087181845007,11.931269832475548,0.0019190520135138
4.0,8.72,45,low,0.7868681419686241,2.773448904845878,4.446805841379444,2.5192818639196783,10.383293073687808,17.489179053488115
4.0,8.72,90,low,0.7576830300856333,2.4367568770296457,3.5186163219733824,2.3007466913574093,8.564192423564235,14.250195854896916
4.0,8.72,135,low,0.7683227054286891,1.930729717261846,2.367489022528465,2.390773772073021,8.499672282863497,9.530806411738968
4.0,8.72,180,low,0.8070821842367828,5.738916607594071,0.0005989559606531,2.6306602993313684,22.545104926939317,0.0021756141980772
2.0,10.9,0,low,0.4631647771141533,1.360964287658866,0.0002584699073144,1.4299925480000537,5.15003420264814,0.0010689861875321
2.0,10.9,45,low,0.4923871514226215,1.0726337442393503,1.7746888308628597,1.6370617355297594,5.181079036896028,7.785313983117138
2.0,10.9,90,low,0.4811679224657835,1.0872933235729256,1.3683983134001063,1.546744989926784,4.416161775327968,6.249453559499988
2.0,10.9,135,low,0.4860177303573174,0.6484625614563034,0.9885631672574234,1.5695269747747305,3.403984814045796,4.285207782290729
2.0,10.9,180,low,0.505787218763861,2.1409524672079843,0.0003402320018367,1.6989707411288584,9.741826788682356,0.0012796244515189
4.0,10.9,0,low,0.8225871658626064,2.4728843433246843,0.000412856248843,2.3755015297128668,8.78487538349048,0.0028941341255927
4.0,10.9,45,low,0.8849734328293528,2.1358093672576723,3.5648210144561934,2.7323786793295737,10.23412310452173,15.709778305641692
4.0,10.9,90,low,0.8588614751834153,1.9942865483071923,2.829179332647247,2.5622966095024045,7.616871342028876,13.762536201279216
4.0,10.9,135,low,0.8618683673748191,1.5109875035409763,1.9931158611606543,2.623520098633404,7.655841587741922,8.95897711769823
4.0,10.9,180,low,0.9055336723438916,4.434530110366185,0.0005204178208109,2.862566539145682,20.030036008131752,0.0021049202633336
2.0,13.080000000000002,0,low,0.4801461442667643,1.0098044138118143,0.0002171211620468,1.555956214350513,4.50652410728822,0.0010534187222296
2.0,13.080000000000002,45,low,0.5009997799044914,0.8167376218346707,1.3764556847173894,1.7144245519657235,3.8772833780086495,5.519425636236647
2.0,13.080000000000002,90,low,0.4933372232152549,0.8479498314619146,1.0807931208884038,1.621459238114724,2.978826691066269,4.299123107943782
2.0,13.080000000000002,135,low,0.4977509086903324,0.4985543286717916,0.796730576120152,1.6333037542945783,2.2507559858945685,3.4818893021972777
2.0,13.080000000000002,180,low,0.5124258353282983,1.6123346887211634,0.0002820355281581,1.7621019992753064,6.105693786439785,0.0011486707188669
4.0,13.080000000000002,0,low,0.8867902317745121,1.9344736667672708,0.0003687123969796,2.755709043342309,7.806029992094557,0.0030056330570804
4.0,13.080000000000002,45,low,0.9385704319408664,1.6559941060354453,2.802696892508557,3.1332866887708435,8.79068400770151,11.302183044501048
4.0,13.080000000000002,90,low,0.9152203073393262,1.594302433181073,2.271678307528014,2.9164598375707573,5.62175205351439,9.655540716562172
4.0,13.080000000000002,135,low,0.9177472418086946,1.192960028045995,1.6536652129180136,2.875931011624515,5.892701286902584,7.778074689768732
4.0,13.080000000000002,180,low,0.9555614549053388,3.400257823612748,0.000431864073892,3.241743591881069,13.60210055080015,0.0017631576396809
2.0,4.36,0,linhigh,0.1169860081060334,1.7074261327881723,0.0001079549536469,0.3950117811621338,5.901393331211192,0.0009462123383199
2.0,4.36,45,linhigh,0.125281694159027,0.768309281572436,1.185859520828708,0.4197960481064187,2.726710686827765,4.564008892717009
2.0,4.36,90,linhigh,0.1106367935231526,0.7510270825244544,0.7160885176035284,0.3523415072367147,2.7925537991155123,2.735621615651358
2.0,4.36,135,linhigh,0.1216266800891173,0.5823490250545086,0.3965354953770709,0.4463886233802746,2.3051960467457926,1.6636100092914845
2.0,4.36,180,linhigh,0.1440818525944406,1.8673895158120373,0.0001199842377592,0.4918003868780753,6.998821626246673,0.0009954135789493
4.0,4.36,0,linhigh,0.1891941032199166,3.246716373063307,0.000179625305363,0.6368595641012545,11.569114141197035,0.0009130385566856
4.0,4.36,45,linhigh,0.2069251625185798,1.5894039916353593,2.427668093180085,0.6390980386080013,5.870269159677752,9.580126626388664
4.0,4.36,90,linhigh,0.1739351580684508,1.570676705741114,1.4859419673927483,0.5469186743569595,6.196896402047423,5.777308783515079
4.0,4.36,135,linhigh,0.2015862758363001,1.231116011830665,0.8824589829300427,0.6892906322164668,5.272283192530525,3.931795779685182
4.0,4.36,180,linhigh,0.2488167726167153,3.792294997972424,0.0002516667533686,0.7873655483019021,14.497063180631296,0.0015532814659347
2.0,6.540000000000001,0,linhigh,0.319113020392748,1.950265575320668,0.0002465551910897,0.9441865635041958,6.961473261499268,0.0010160879512175
2.0,6.540000000000001,45,linhigh,0.3526228376083235,1.3001085691727094,2.125693692769805,1.1618500864311168,5.2599476778616125,8.485983724162994
2.0,6.540000000000001,90,linhigh,0.3326367686714533,1.3875782514036756,1.437521810809428,1.060736894981524,5.031559227649913,6.006152656653287
2.0,6.540000000000001,135,linhigh,0.3446354359902523,0.8404383189990585,0.9364728824132544,1.1466937710782532,4.065038570850402,4.070955012561042
2.0,6.540000000000001,180,linhigh,0.3724999563007464,2.878462123052201,0.0003522782468295,1.2472379635950652,12.45744377090928,0.0011883702089709
4.0,6.540000000000001,0,linhigh,0.4964657678911953,3.478396892708996,0.0003213322031566,1.4447938991930158,12.244731979379369,0.0023974306524464
4.0,6.540000000000001,45,linhigh,0.5559569305500787,2.681423805059384,4.248572329777462,1.805310497728854,9.96677672368531,16.50607118459063
4.0,6.540000000000001,90,linhigh,0.5242578495082053,2.544605532361686,3.208152100497904,1.633700484980969,8.414867660743438,13.731478878919274
4.0,6.540000000000001,135,linhigh,0.5516872302365725,1.929427025468098,2.0245629616935683,1.7408419688140286,8.82647650044316,8.90620368960309
4.0,6.540000000000001,180,linhigh,0.5844946778928861,5.836288010796079,0.00048755575253,1.7915461837454572,22.9486016139156,0.0018680310046011
2.0,8.72,0,linhigh,0.4160057527886576,1.6915669181635944,0.0002735950152343,1.354707515343865,6.20088806160434,0.0009865008918872
2.0,8.72,45,linhigh,0.4510460160039257,1.2781843379840012,2.0748889152745726,1.543375369859418,4.526725401309631,8.170517104819636
2.0,8.72,90,linhigh,0.4357088554189536,1.2827298945067227,1.544447378936162,1.459119984010647,4.3576765668746456,5.935325924906749
2.0,8.72,135,linhigh,0.441541817953862,0.7951202564892962,1.0666409259992158,1.4790676114372283,3.486259843237033,4.344249376749232
2.0,8.72,180,linhigh,0.4663577970163793,2.633947091173442,0.0003698700618843,1.5972715135701705,10.203019325049228,0.0010889062433861
4.0,8.72,0,linhigh,0.7009916946432265,3.085878732427426,0.0003882553078592,2.136310660218454,11.6049813653718,0.0016643848420495
4.0,8.72,45,linhigh,0.7687514264176322,2.6150775008256817,4.179897265952158,2.472679815987132,10.077179759074845,16.689773349851563
4.0,8.72,90,linhigh,0.7397396291139587,2.31226410597858,3.2925627706205858,2.2587711646303785,8.147204701626496,13.647955788982884
4.0,8.72,135,linhigh,0.7486866086523719,1.8216797954410688,2.2121009404292784,2.343809265536333,8.143772025013797,9.169277800811082
4.0,8.72,180,linhigh,0.7887175028200443,5.430581376270876,0.0005529808621564,2.5933119463704832,21.598337923157835,0.0018906555345636
2.0,10.9,0,linhigh,0.4536676083154787,1.2854788903130738,0.000235536610011,1.4074060543294529,4.883212662220292,0.0009654944449318
2.0,10.9,45,linhigh,0.4822019187212927,1.0019830399610017,1.6516146435647392,1.607940456974347,4.820699948087006,7.101410537639644
2.0,10.9,90,linhigh,0.4716633840990754,1.0073958406166872,1.2820101330295244,1.5192237059388218,4.109190796193705,5.745735211015327
2.0,10.9,135,linhigh,0.4759410453939751,0.6225908891678933,0.9193639830447066,1.5355656177346706,3.163758571015895,3.971285068895268
2.0,10.9,180,linhigh,0.4946020414508393,2.010996762723524,0.0003094264574827,1.668894802991647,8.940499840200244,0.0011546541050198
4.0,10.9,0,linhigh,0.80813105819037,2.3800200699650964,0.0003833157588738,2.3520440530078024,8.505546992117294,0.0029315651623581
4.0,10.9,45,linhigh,0.8703776215370933,2.0320895380913995,3.360614832361953,2.710575740116946,9.977164031231744,14.78530849229944
4.0,10.9,90,linhigh,0.8443298826302464,1.8806756844919497,2.684735648338081,2.53994736563438,7.218965177076376,12.878952500371131
4.0,10.9,135,linhigh,0.846671380745592,1.443855615254118,1.886675565179169,2.585092401220585,7.073560022326141,8.374091856500575
4.0,10.9,180,linhigh,0.8905019224118266,4.200186779013111,0.0004842832114905,2.839767336781,19.02379580931551,0.0017021386162525
2.0,13.080000000000002,0,linhigh,0.4735180235791965,0.9532283596090848,0.0001972506871314,1.5434141050781227,4.379435475112955,0.0009426363808133
2.0,13.080000000000002,45,linhigh,0.4939225362840949,0.7660571030901753,1.2845944400106772,1.6992459814331875,3.7285730264271,5.272148038008267
2.0,13.080000000000002,90,linhigh,0.4866876447698655,0.7844068013488613,1.0195197830524336,1.603194442708492,2.8267229126520896,4.133018811917349
2.0,13.080000000000002,135,linhigh,0.490834859359431,0.4821971734545537,0.7457360550956882,1.6183145354309532,2.1590317136642985,3.2849181548626585
2.0,13.080000000000002,180,linhigh,0.5047009677211656,1.5184912090968306,0.0002559876119036,1.748366030191549,5.960260684560613,0.0010240246982918
4.0,13.080000000000002,0,linhigh,0.8758605857929499,1.868139103433107,0.0003349843907851,2.7351506491276165,7.750031198327483,0.0013971847398983
4.0,13.080000000000002,45,linhigh,0.9272545357142102,1.5881874536163545,2.651194356826555,3.103486671885378,8.591312429851978,10.820512583415288
4.0,13.080000000000002,90,linhigh,0.9040377313949106,1.4970400714974,2.1750844067928954,2.8838207232712074,5.305202748163381,9.315882286431686
4.0,13.080000000000002,135,linhigh,0.9062585684950112,1.1514450859701342,1.5787504304341322,2.845655278455584,5.55619015145146,7.532890483121056
4.0,13.080000000000002,180,linhigh,0.9436933448443008,3.2360276940923987,0.0004010728111043,3.2093137764137087,13.1666031539158,0.001714386814476
2.0,4.36,0,quadhigh,0.1271726363127939,1.717807207405154,0.0001178408428776,0.4243394248728399,5.904451299286452,0.001050961184036
2.0,4.36,45,quadhigh,0.1373243621195865,0.7769519489262077,1.199453264134584,0.4460183056013451,2.7500856791585644,4.632579893203574
2.0,4.36,90,quadhigh,0.1221512705575449,0.7598559416833042,0.7244280800974223,0.381039571793543,2.824351825074656,2.78150498348375
2.0,4.36,135,quadhigh,0.1336110388455294,0.5879022060178822,0.4019659374207706,0.4751834829115757,2.331629252174097,1.6883878629444866
2.0,4.36,180,quadhigh,0.1560987150196844,1.881835470071673,0.0001335349963034,0.5193722581082472,7.008633763861988,0.0011088065770143
4.0,4.36,0,quadhigh,0.2004257779866446,3.2508823747438256,0.000194393829506,0.6671994740733945,11.47760240658192,0.0012387356091071
4.0,4.36,45,quadhigh,0.2202128401691197,1.6051752822796264,2.449991452789879,0.6636438643137614,5.876287677034977,9.60345752558158
4.0,4.36,90,quadhigh,0.1863966584715562,1.587953760839726,1.5044938498219853,0.5762774037558723,6.168330593794335,5.85199627523042
4.0,4.36,135,quadhigh,0.2148795839059495,1.2451895976026035,0.8965753636974955,0.7162958508666467,5.316005431042236,3.979932641166489
4.0,4.36,180,quadhigh,0.2621629600337153,3.795863942048226,0.0002660712007499,0.8185602254852377,14.145401057088202,0.0015547659704215
2.0,6.540000000000001,0,quadhigh,0.3320989691275133,1.9956146468099725,0.000274224876581,0.965903223440279,7.087302873282737,0.0009253535458171
2.0,6.540000000000001,45,quadhigh,0.3656206896424173,1.3721760396376752,2.230889840610509,1.1838174089991855,5.479877897781641,8.696503521701114
2.0,6.540000000000001,90,quadhigh,0.3448609987667221,1.455238382463072,1.5267180876410582,1.081377432044584,5.17051216767049,6.24462416220949
2.0,6.540000000000001,135,quadhigh,0.358445347705031,0.8851852475134845,1.0086355444184194,1.1697589973972071,4.201761511891786,4.272916193750754
2.0,6.540000000000001,180,quadhigh,0.3866838237369289,2.9592034096301068,0.0003900136901537,1.26971319420678,12.517901445579152,0.0012056761979838
4.0,6.540000000000001,0,quadhigh,0.5096637268106363,3.507944307123944,0.0003479131565698,1.462375454300724,12.187103149443308,0.0018965779179255
4.0,6.540000000000001,45,quadhigh,0.5682173045587842,2.7585119977747894,4.341742454108671,1.8210073640795463,10.07597724969537,16.757699201056667
4.0,6.540000000000001,90,quadhigh,0.536328432120819,2.605097632897138,3.3323687162090136,1.6482760923386486,8.410906759353225,14.015129777085228
4.0,6.540000000000001,135,quadhigh,0.5649431537975097,2.002599728502345,2.1340075703125434,1.7603883751659968,8.961391952754937,9.221978355621774
4.0,6.540000000000001,180,quadhigh,0.5982896755927372,5.817031291196889,0.0005366433760362,1.806466688905304,22.325458685399514,0.0020744362559919
2.0,8.72,0,quadhigh,0.4258217719813929,1.753630671537155,0.0003023868030182,1.3750096511732308,6.366501554035652,0.0010050027463306
2.0,8.72,45,quadhigh,0.4609192213600195,1.3518566948293602,2.1889797041007464,1.5611249385097798,4.704084205515247,8.401778226793304
2.0,8.72,90,quadhigh,0.4451575361335503,1.3573890290898811,1.6394383298042046,1.4771811236450354,4.524553188172992,6.192270151044259
2.0,8.72,135,quadhigh,0.4517728912822775,0.8330139096399428,1.1441271376540405,1.499086289834803,3.5822631187286333,4.511838980368752
2.0,8.72,180,quadhigh,0.4772001991934887,2.726067084128782,0.0004099003394195,1.615303305305139,10.27968911286785,0.0011843573153849
4.0,8.72,0,quadhigh,0.7116520457168675,3.141626566595461,0.0004159309289046,2.1530995605025667,11.64183474425518,0.0014509369859745
4.0,8.72,45,quadhigh,0.7780640782794572,2.7008848468077797,4.296269615237657,2.48484096797268,10.190385755652494,16.922592673035865
4.0,8.72,90,quadhigh,0.7493102691542828,2.3886132882980045,3.416027907484459,2.271372954140571,8.286832390831112,13.917192255698248
4.0,8.72,135,quadhigh,0.7592287486224852,1.891940964567025,2.32033622634892,2.35780875604895,8.229257488068745,9.392258164077186
4.0,8.72,180,quadhigh,0.7986891915807874,5.455548565620704,0.0006010970164553,2.603920807154001,21.480390442112096,0.001991122842379
2.0,10.9,0,quadhigh,0.4607460645069952,1.3435112164885374,0.0002577664087885,1.4211073035980322,5.066823956071159,0.0010733006493408
2.0,10.9,45,quadhigh,0.489534723421862,1.0595147744315143,1.7456905837768135,1.6225228873384503,5.054487850911459,7.450159691049315
2.0,10.9,90,quadhigh,0.4785789098409189,1.0718694685173653,1.3543711535208187,1.5335654751885386,4.312557702022794,6.066188829578967
2.0,10.9,135,quadhigh,0.4832396994991415,0.6469339311218396,0.9795335354127492,1.5502981815717196,3.338544293694347,4.206050153306213
2.0,10.9,180,quadhigh,0.5025455118736926,2.09310594307686,0.0003406740591084,1.6839247017494572,9.120627225273566,0.0016371590358739
4.0,10.9,0,quadhigh,0.8163485872721948,2.43649805336724,0.0004108371692998,2.368723398687957,8.635469541364397,0.0020121776976657
4.0,10.9,45,quadhigh,0.8780342859708199,2.101549791664586,3.47414422388343,2.720285570465865,10.124901729265314,15.118286445329694
4.0,10.9,90,quadhigh,0.8521214174671567,1.957726127384605,2.781161999789845,2.5509983975860626,7.403450375023689,13.02173684033769
4.0,10.9,135,quadhigh,0.8549623692306346,1.4937820488959457,1.9672736048438384,2.5955272929426068,7.276015809338021,8.641725609521215
4.0,10.9,180,quadhigh,0.8985011925532808,4.267902131463707,0.000523958032998,2.849843177859067,19.05760402926821,0.0017989904136641
2.0,13.080000000000002,0,quadhigh,0.4786425457531345,1.0005992452163108,0.0002126762193694,1.5526224097912975,4.486813486878425,0.0010391776567071
2.0,13.080000000000002,45,quadhigh,0.499253782743319,0.8100239244027442,1.360545143356913,1.7088185331303354,3.854848024739269,5.451679855346571
2.0,13.080000000000002,90,quadhigh,0.4917248853457451,0.8383404809708895,1.0736944804658737,1.6150662004880236,2.9542719162029423,4.2601847815938125
2.0,13.080000000000002,135,quadhigh,0.4960638506944751,0.4986709588687886,0.7915415224864166,1.6283218359702696,2.2437035439129382,3.450968752892029
2.0,13.080000000000002,180,quadhigh,0.5104505881666498,1.5876499437329634,0.0002827237110832,1.7573133185658514,6.0441354941135,0.0011415550409112
4.0,13.080000000000002,0,quadhigh,0.882285694891001,1.9177456340442327,0.0003706969199783,2.750392034301657,7.869282945143986,0.0015300161244059
4.0,13.080000000000002,45,quadhigh,0.9335807645078454,1.6416803310237071,2.7525579797067063,3.1139743700250277,8.760889990335844,10.991060711501811
4.0,13.080000000000002,90,quadhigh,0.910392552678404,1.5683745743836008,2.2498123065088147,2.897855764557061,5.487910590246367,9.4927135673835
4.0,13.080000000000002,135,quadhigh,0.912892169263506,1.1862883844876897,1.6396078338079487,2.8578565722864573,5.727611364394023,7.703185090293349
4.0,13.080000000000002,180,quadhigh,0.9502471834276074,3.315232196525112,0.0004297981950078,3.22136287542256,13.213642625750277,0.0015871493262928
2.0,4.36,0,DOFbest,0.1228847401470667,1.7122658108006683,0.0001144946392875,0.412337257709768,5.904922009507735,0.0009826473555248
2.0,4.36,45,DOFbest,0.1323324659657513,0.7722107111309121,1.191833907680372,0.4358127748050071,2.737282758724616,4.613734267293564
2.0,4.36,90,DOFbest,0.1173184943233915,0.7546901423251405,0.7195113319911169,0.3696615192227893,2.807189931732638,2.7633153070683147
2.0,4.36,135,DOFbest,0.1285926465036474,0.5849161960452617,0.3985608729806801,0.4639081044318499,2.3188999684762512,1.6760469554284465
2.0,4.36,180,DOFbest,0.1511537567938022,1.8743630625827448,0.0001266565996099,0.5088841183094515,7.004009792740961,0.0010380105638526
4.0,4.36,0,DOFbest,0.195910931485269,3.249344482153479,0.0001832745470129,0.6557529854412983,11.536151562474243,0.0011262913432591
4.0,4.36,45,DOFbest,0.2149404927658868,1.596958870859369,2.441865756382662,0.6532765590697527,5.879698291921091,9.661459016627877
4.0,4.36,90,DOFbest,0.1814082579802279,1.578168715197961,1.4954211608233874,0.565536346056671,6.184523952974908,5.843396544331966
4.0,4.36,135,DOFbest,0.2096155503437086,1.2378610236544336,0.8884333366447872,0.70666195313053,5.29786145015767,3.959856010365588
4.0,4.36,180,DOFbest,0.2569916689530315,3.7961061003917695,0.0002572968087466,0.8061655725559427,14.366146156494276,0.0014799897501157
2.0,6.540000000000001,0,DOFbest,0.3271327199337156,1.9699654183169448,0.0002561781884957,0.9587282033460268,7.015159670516924,0.0009267409234471
2.0,6.540000000000001,45,DOFbest,0.3608857598136402,1.3331388366084738,2.177359324016056,1.1775638892558922,5.3603249411988525,8.646289848527784
2.0,6.540000000000001,90,DOFbest,0.3404086888210235,1.4179523120430972,1.473877414611693,1.0752833747945176,5.098697383221396,6.123337891585818
2.0,6.540000000000001,135,DOFbest,0.3532601494817972,0.8600269492529492,0.962738939078434,1.1624486304920951,4.129418751849652,4.158747950178554
2.0,6.540000000000001,180,DOFbest,0.3814197115303954,2.9190034469822845,0.0003660202419502,1.263619209519336,12.514512640612883,0.0014757291612383
4.0,6.540000000000001,0,DOFbest,0.5050123403771543,3.492930547615511,0.0003303723033061,1.4569124070183532,12.235387260016507,0.0015396907682723
4.0,6.540000000000001,45,DOFbest,0.5640191254574252,2.7173604083018588,4.329176256459927,1.8179632057609196,9.990426084260816,16.72562737500293
4.0,6.540000000000001,90,DOFbest,0.5323368936072606,2.571553280256378,3.287838515993408,1.6465779586135545,8.401670019576702,14.05884704543497
4.0,6.540000000000001,135,DOFbest,0.5605485546921611,1.96385131096005,2.0760473997673063,1.7560526306734066,8.901309657755766,9.097114878864092
4.0,6.540000000000001,180,DOFbest,0.5935665585571901,5.840341165056244,0.0005060246302885,1.8049090938715024,22.728594593567504,0.0021431340889359
2.0,8.72,0,DOFbest,0.422140912968975,1.7180285889667717,0.0002846174601904,1.3685297336923767,6.260115672320364,0.0010176298216502
2.0,8.72,45,DOFbest,0.4573783762037098,1.3113534837966982,2.127712109171041,1.556309515439314,4.605959669548844,8.288981634446012
2.0,8.72,90,DOFbest,0.4417476976421225,1.3163958938909686,1.581745715059886,1.4723267955630752,4.43611522815354,6.048395266926527
2.0,8.72,135,DOFbest,0.4479895002849174,0.8107418222603536,1.095210329400887,1.4932506238957692,3.531958233719666,4.4174067232258185
2.0,8.72,180,DOFbest,0.4732455979817153,2.677825908097946,0.0003833165900454,1.6100966305506483,10.250003222949136,0.0012973351518699
4.0,8.72,0,DOFbest,0.708160492721067,3.110360638307663,0.000401391067875,2.1486495790838687,11.624976814584898,0.0017237018344615
4.0,8.72,45,DOFbest,0.7752581068347004,2.655306722353136,4.266179497394957,2.4836886005654844,10.112412951960636,16.935452642456035
4.0,8.72,90,DOFbest,0.7464286800899345,2.346513720397047,3.363907323490098,2.269799651105556,8.224110043122272,13.833283967972967
4.0,8.72,135,DOFbest,0.75591837503773,1.8534128405815664,2.2614633434359965,2.3558598023310906,8.194244529754314,9.282349064322664
4.0,8.72,180,DOFbest,0.7956546278439257,5.45288721433838,0.0005714770465709,2.603529000999199,21.59346036095528,0.0018901248543851
2.0,10.9,0,DOFbest,0.4580655393993972,1.3102036697789952,0.0002445125688491,1.4164101938208669,4.959140279414234,0.0010083513111734
2.0,10.9,45,DOFbest,0.4868467531265426,1.0275229376681163,1.6908705825327557,1.6185031536034602,4.930259835749551,7.319486052219761
2.0,10.9,90,DOFbest,0.4760399869057444,1.0361449286729518,1.3086030905803496,1.5291957427855094,4.197044947114495,5.903055390179523
2.0,10.9,135,DOFbest,0.4805060881818236,0.6320564175647111,0.9412855889935968,1.5456341958552275,3.238919489889773,4.068212588764155
2.0,10.9,180,DOFbest,0.4995977700744898,2.0479818783536565,0.000320051521515,1.6797084142471244,9.049861012364405,0.0011977378216481
4.0,10.9,0,DOFbest,0.813642275432111,2.403467044938756,0.0003911748046208,2.3626372342576576,8.556202403470332,0.0014648985230166
4.0,10.9,45,DOFbest,0.8757113092469462,2.0628356205860348,3.425901279044759,2.7173205846993467,10.006543452448218,15.073641347912478
4.0,10.9,90,DOFbest,0.84972196830614,1.915387616688918,2.730259886479306,2.548231958023642,7.294347279818097,13.182362510873402
4.0,10.9,135,DOFbest,0.8523120194993502,1.4651419959636491,1.9205802559796736,2.5944459796428165,7.1795882176833,8.553961723952755
4.0,10.9,180,DOFbest,0.8960639123585133,4.23608117179155,0.0004956973754519,2.8479772181024283,19.087694503681924,0.0017337430478922
2.0,13.080000000000002,0,DOFbest,0.4766707888558384,0.9732696355217432,0.0002031127976844,1.5492166914552952,4.424064366580753,0.0009710584045596
2.0,13.080000000000002,45,DOFbest,0.4972491360631746,0.7852029372165773,1.313564503607199,1.705925015518758,3.7825387598568097,5.350285442254236
2.0,13.080000000000002,90,DOFbest,0.4898308269514677,0.8082803013033152,1.0381887588603655,1.6108734454453009,2.882636916007468,4.1704470066612345
2.0,13.080000000000002,135,DOFbest,0.4940673684754001,0.4883118849159599,0.7619555465302583,1.6247725134401407,2.192091072666016,3.346778154620575
2.0,13.080000000000002,180,DOFbest,0.5082656255175503,1.5484892527042746,0.0002650786770135,1.7545265757059374,5.997997369985096,0.0010682055035843
4.0,13.080000000000002,0,DOFbest,0.8801152370813682,1.888263361690128,0.0003508384426461,2.744330250092815,7.790121272483835,0.004030108340716
4.0,13.080000000000002,45,DOFbest,0.9315547421569828,1.6109636867731325,2.6994484851372773,3.112465979959307,8.657310964397837,10.974317150091563
4.0,13.080000000000002,90,DOFbest,0.9083277095443022,1.5289469223023786,2.205439695649375,2.894279603444657,5.392569458491894,9.463925171384531
4.0,13.080000000000002,135,DOFbest,0.910683542500614,1.1656564063112969,1.6025195740157692,2.8548416472411926,5.639666162605344,7.613070538980989
4.0,13.080000000000002,180,DOFbest,0.9481515990056284,3.273148037382001,0.000410873485593,3.2190998555019474,13.20101551293124,0.0017292175297202
1.0,3.58,0,low,0.0290894418412098,0.7158959061648589,2.934579650110844e-05,0.1094896206960633,2.8589632180115587,0.000147999598025
1.0,3.58,45,low,0.024757180538054,0.3044932055664605,0.424653260622461,0.0900200982353202,1.3655487566956397,1.7867201253767238
1.0,3.58,90,low,0.0187336604996155,0.2129251494132095,0.3075904062950674,0.0647603706612631,0.8431245530224889,1.3339658547948576
1.0,3.58,135,low,0.0248916290081081,0.2619281358906478,0.1609910662549284,0.097577919172468,1.0923256554499614,0.6987819709290786
1.0,3.58,180,low,0.0333068546442732,0.7252383457026041,2.6682525300843937e-05,0.1229165396265409,3.06414213514341,0.000153099635276
1.0,4.08,0,low,0.0539305576636753,0.8248709094793096,5.378363294367321e-05,0.1926319376760059,3.7180264884436736,0.0005331155686053
1.0,4.08,45,low,0.0567868687012827,0.3572532412545549,0.5324866009850956,0.194017832406693,1.7430209656303446,2.537950270802538
1.0,4.08,90,low,0.0497422853706619,0.3224899282276555,0.3352021245479853,0.1576035170069447,1.4297800403324226,1.288779826923424
1.0,4.08,135,low,0.0528379589035568,0.2849935495907779,0.1778860376513711,0.195376887285599,1.1961484554575703,0.7377779951468816
1.0,4.08,180,low,0.064878966154462,0.858854181416366,5.1405895578602455e-05,0.2353900199041322,3.842547597673876,0.0002096663304214
1.0,4.58,0,low,0.0925486109749254,0.9066709160833452,8.430916275563007e-05,0.3313605076825177,3.2697038199746737,0.0003347647789866
1.0,4.58,45,low,0.1012936110727185,0.4021194997626827,0.6312545650752274,0.3464079225510359,1.3831235053623208,2.4944565348053724
1.0,4.58,90,low,0.093796967030326,0.4232663507742253,0.3770580617102201,0.2963239370126415,1.5735241515527836,1.44904130606583
1.0,4.58,135,low,0.0962588788176136,0.295185510648538,0.2054224163532984,0.3498566142282,1.2151295160387017,0.8374196091565607
1.0,4.58,180,low,0.1097416374254973,0.9795295659462564,9.281351042653088e-05,0.3875784815003474,3.7916334621136056,0.0003805721213338
2.0,3.58,0,low,0.0544183005193258,1.4265584396289197,7.40665550806884e-05,0.2244947590673411,5.583924554158642,0.0005504877767499
2.0,3.58,45,low,0.0472513000554812,0.6122598611058052,0.8470488196401351,0.1757627774692244,2.715340008361796,3.700361171007253
2.0,3.58,90,low,0.0341145623006007,0.4274912441578117,0.6178427407381945,0.1265048752338797,1.7628231635857778,2.8255125417696494
2.0,3.58,135,low,0.0493645066335037,0.5160358648688013,0.3279838029120641,0.1852127740261731,2.2269755327850764,1.4023169993037383
2.0,3.58,180,low,0.066099256736625,1.4553036367107202,7.110511258588605e-05,0.2560250033807975,6.188969730805479,0.000494955532856
2.0,4.08,0,low,0.0953751605727522,1.6349390505573915,9.741133006932812e-05,0.3232665740003189,7.187823180473721,0.0005251413028384
2.0,4.08,45,low,0.0999298893848803,0.7218564068409634,1.0718216682021635,0.3265244437301601,3.6497937331807706,4.908381486677889
2.0,4.08,90,low,0.0853450190510405,0.6394221514272442,0.6774162821779377,0.2717260446068313,2.980472779119854,2.5402295410461373
2.0,4.08,135,low,0.0974188090205835,0.5676727232864758,0.3682487590172966,0.3469042443412321,2.548680277787369,1.576756558780393
2.0,4.08,180,low,0.1193647722249048,1.7349446766806795,0.0001013826553542,0.4084131876042596,7.982135855902922,0.0004665941726727
2.0,4.58,0,low,0.1537318790894166,1.7837035290882914,0.0001398072335149,0.5053804761527313,6.161988472776178,0.0016010145757425
2.0,4.58,45,low,0.1680771801702005,0.8263098444212218,1.3069460218768632,0.5340616625478423,2.9372003541444696,5.152434388854752
2.0,4.58,90,low,0.150932430802929,0.8536542697859546,0.7731182246682062,0.4679382763455312,3.0564394231777463,3.1020713885265137
2.0,4.58,135,low,0.1634984373668181,0.6073469206356851,0.4368876735921682,0.5602815183632903,2.389828800534499,1.913851479616076
2.0,4.58,180,low,0.1875019679569419,2.017589625340374,0.0001603065636737,0.6086808569784518,7.582372925767101,0.0007342690283733
1.0,3.58,0,linhigh,0.0276857781279356,0.7119321059336532,2.676552574727286e-05,0.1066470571265176,2.83328655158064,0.0001438637239378
1.0,3.58,45,linhigh,0.0230715127727125,0.3026888573190436,0.42223243004809,0.0843625750729331,1.3567705170273596,1.769579049509706
1.0,3.58,90,linhigh,0.0168144726634363,0.2108310953437622,0.306172656357604,0.0609440320316287,0.8361650872528636,1.32730872656504
1.0,3.58,135,linhigh,0.0234041205859961,0.2607796980221922,0.1602246136784944,0.0917387166083962,1.0898350046673038,0.689166468226688
1.0,3.58,180,linhigh,0.0314327288572141,0.7214869598565846,2.4503141520150876e-05,0.1178321525680797,3.0442152498626105,0.0001480496331485
1.0,4.08,0,linhigh,0.0486207827343483,0.8187376770242532,4.520893262282707e-05,0.1764937797641312,3.702891318407693,0.0001978847569299
1.0,4.08,45,linhigh,0.0499461979293463,0.3543099774198622,0.527864124999461,0.1726879425473787,1.7372008712392843,2.504858527682243
1.0,4.08,90,linhigh,0.0431148408914288,0.3191372721556464,0.3325699835704965,0.1389153285302498,1.4312489629141647,1.2825622969406734
1.0,4.08,135,linhigh,0.0465339273715265,0.2830584262474028,0.176443348833229,0.1724030124280188,1.1967947752454733,0.7271502322591689
1.0,4.08,180,linhigh,0.0580270468125686,0.851803682275993,4.296117492209752e-05,0.210785790235356,3.8392118965465327,0.0001947279410783
1.0,4.58,0,linhigh,0.0824324121556754,0.8953368424123048,7.255923954744057e-05,0.3001899927103961,3.1916299158707013,0.0003095985881289
1.0,4.58,45,linhigh,0.0895102151303102,0.3952718038298292,0.6210991619862886,0.3131774512590082,1.3838401217874194,2.427548784663589
1.0,4.58,90,linhigh,0.0827128441509582,0.4166374943521673,0.3705460209112867,0.2637291650705867,1.535108616113679,1.4239174354733684
1.0,4.58,135,linhigh,0.0847779514160702,0.2917769310886068,0.2018010051800067,0.3157456256515449,1.1819470832914551,0.8202886204578573
1.0,4.58,180,linhigh,0.0975928462019762,0.9638677284132344,8.031646390765792e-05,0.3514381523921533,3.689777710287189,0.0003263962124024
2.0,3.58,0,linhigh,0.0518860441379767,1.4173118834312106,7.363434834037629e-05,0.217133296287722,5.515702129013851,0.0005289528506943
2.0,3.58,45,linhigh,0.0442663746939086,0.6081918362661651,0.8412089223182183,0.1663449812984024,2.6997334937122472,3.664289340822215
2.0,3.58,90,linhigh,0.0310362028144407,0.4235822334241658,0.614347718814353,0.1171484613164707,1.7424398508215218,2.798009455147572
2.0,3.58,135,linhigh,0.0465240057391655,0.5133648199327673,0.3261389968858351,0.1771485796184451,2.211571023919988,1.385662492851127
2.0,3.58,180,linhigh,0.0625650732631421,1.446258633115283,6.565065421285607e-05,0.2468568248919866,6.124890240759495,0.0004856897076433
2.0,4.08,0,linhigh,0.0872315875307486,1.6209147747797088,8.969234557321532e-05,0.301619992636972,7.118100974920125,0.0004599646029289
2.0,4.08,45,linhigh,0.0897788864904697,0.7150956035191831,1.0606631897965624,0.2967721219824419,3.6264201166248937,4.867902189242347
2.0,4.08,90,linhigh,0.0755623141843769,0.6323575245541567,0.6713447602933343,0.24918910708306,2.9698251504919404,2.518118525312599
2.0,4.08,135,linhigh,0.0874705602317745,0.5632792958294307,0.3646990485789466,0.3139267905525587,2.5486412692278515,1.5535622304359649
2.0,4.08,180,linhigh,0.1090254706062559,1.717539673100048,9.239810370216992e-05,0.3729979421579176,7.925324090252057,0.0004950188048436
2.0,4.58,0,linhigh,0.1398914484432731,1.7600370205923082,0.0001202070807215,0.4698488600681777,6.112992991416062,0.0007810399207758
2.0,4.58,45,linhigh,0.1521302073918664,0.8102104523293584,1.2808568825896984,0.4950635194869505,2.916671346190204,4.993527670460244
2.0,4.58,90,linhigh,0.1363181948224062,0.8378200946699705,0.7583249650642556,0.4286734422417703,2.974730852656,3.0157867350514675
2.0,4.58,135,linhigh,0.147515173676787,0.5978389971550869,0.4275154848282073,0.5176648142448178,2.3255799921503373,1.8602074232187975
2.0,4.58,180,linhigh,0.1711199213097926,1.9785256020732571,0.0001411640495304,0.5663218463181897,7.365339818337786,0.0005705310119986
1.0,3.58,0,quadhigh,0.0290387996626244,0.7150975797774685,2.912030581622488e-05,0.1093452021452011,2.846464787661611,0.0001905294611407
1.0,3.58,45,quadhigh,0.024706795446913,0.3043449733446339,0.4244176775265175,0.0896625178246586,1.36491828319059,1.78130996397933
1.0,3.58,90,quadhigh,0.0186893313044576,0.212816709700105,0.3074710055809556,0.064559693135597,0.8421769341514704,1.3307090465607263
1.0,3.58,135,quadhigh,0.0248377960594505,0.2618383890859154,0.1609582651730416,0.0970763058270569,1.0901227285282324,0.6978556826531024
1.0,3.58,180,quadhigh,0.0332151865363722,0.7244422905418098,2.64786544746075e-05,0.1221284010504131,3.046154751517588,0.0001546853097812
1.0,4.08,0,quadhigh,0.0535895347594503,0.8234746026320253,5.286422441635808e-05,0.191391013963355,3.706942099525284,0.0002773183490641
1.0,4.08,45,quadhigh,0.0563499955081679,0.3569740782731705,0.5319692229664503,0.1919243840475877,1.7419042244484588,2.526986573748858
1.0,4.08,90,quadhigh,0.0493852398525052,0.3222236323346579,0.3349900619567879,0.1561830111637159,1.4271642856851292,1.2873277400098313
1.0,4.08,135,quadhigh,0.0524380477330233,0.2848338708681442,0.17782062223511,0.1930902601287321,1.192555083047568,0.7368472886464055
1.0,4.08,180,quadhigh,0.0643565457450679,0.8571902796310208,5.107806064654664e-05,0.232563678321463,3.830337069817232,0.0002154443980328
1.0,4.58,0,quadhigh,0.0915631210805208,0.9040722051024852,8.302215196199815e-05,0.326622247500552,3.240301570136796,0.0003354986076048
1.0,4.58,45,quadhigh,0.1000937417669243,0.4014012981701583,0.6300193041453618,0.340998151253219,1.3816959183789337,2.4812609613167345
1.0,4.58,90,quadhigh,0.0927882473633392,0.4226737511845992,0.3765323858738904,0.2912552981807126,1.5655297566316662,1.4442858286018043
1.0,4.58,135,quadhigh,0.0951163972116004,0.2948906985714662,0.2052477279404292,0.3443748379233811,1.2101710688105656,0.8353580373908425
1.0,4.58,180,quadhigh,0.1084001264896976,0.975728259596788,9.139241858118392e-05,0.3811470638353516,3.750741217753837,0.0003650021021661
2.0,3.58,0,quadhigh,0.0542686220854683,1.4227543417229198,7.686435395030444e-05,0.2237901483448567,5.528977286466274,0.0004644842470493
2.0,3.58,45,quadhigh,0.0470867250741791,0.6115160605843288,0.8458695575658355,0.1746678222445425,2.711277485731193,3.67781219571068
2.0,3.58,90,quadhigh,0.0339841774477451,0.427040630246691,0.6172115241195312,0.1258107746933345,1.7539233340685954,2.8060916832100493
2.0,3.58,135,quadhigh,0.0491677269991879,0.5155951501529838,0.3278159371948175,0.1839486803600082,2.216701947768073,1.3988635902395476
2.0,3.58,180,quadhigh,0.065770835596327,1.4513233370659329,7.094776769022312e-05,0.2547061982094137,6.100616321176741,0.0005550324476768
2.0,4.08,0,quadhigh,0.0944901342959865,1.6286089159644133,9.821003274270122e-05,0.3204491468121608,7.111531748590037,0.0004743651604317
2.0,4.08,45,quadhigh,0.0988382489375447,0.7204796382433163,1.069237651851277,0.3214005222546834,3.638004620549163,4.875687645886352
2.0,4.08,90,quadhigh,0.0844770586269764,0.6382293450712855,0.6763709439321751,0.2685534250736237,2.9640069240312314,2.530373109868599
2.0,4.08,135,quadhigh,0.0962966022110945,0.5669155856435374,0.3679163066226837,0.3411475751079895,2.5415790752453624,1.5717027788594802
2.0,4.08,180,quadhigh,0.1179877935052978,1.726639992861366,0.0001021103402268,0.4017505246726451,7.854015239174101,0.000444054122955
2.0,4.58,0,quadhigh,0.1515960229190097,1.7729008125823726,0.000133980690451,0.4965715012197141,6.120860736216684,0.0005438860990045
2.0,4.58,45,quadhigh,0.1655328315694073,0.8228413943989777,1.3003492161648595,0.5242339590865153,2.924772228407279,5.076754525522257
2.0,4.58,90,quadhigh,0.1489088546132737,0.8505262763254661,0.7706159732730371,0.4587485405501944,3.0230571980433227,3.070237476745193
2.0,4.58,135,quadhigh,0.1609132304584645,0.6056578258092088,0.4359229198049466,0.5491649921075613,2.370505901525461,1.9024358337143068
2.0,4.58,180,quadhigh,0.1846161806625867,1.9984074947518908,0.0001573548708909,0.5972667728679047,7.424792578804469,0.0006575580886078
1.0,3.58,0,DOFbest,0.0284591358472518,0.7133848010402991,2.7607742676003847e-05,0.1082587541904714,2.8398078240568685,0.000136196070559
1.0,3.58,45,DOFbest,0.0239964294218243,0.3034422535923122,0.4230387401952843,0.0875361243674048,1.3608167380363734,1.775581603826116
1.0,3.58,90,DOFbest,0.0178532423914383,0.2117292845596767,0.3066520718602923,0.0628441041586576,0.8393297696397044,1.3298146483838251
1.0,3.58,135,DOFbest,0.0242050655694502,0.2612547944146619,0.1604731250217067,0.0943242358068625,1.089972399545029,0.692385209076606
1.0,3.58,180,DOFbest,0.0324380182644337,0.7228147739153058,2.554185388741489e-05,0.1201864224363256,3.04580704045884,0.0001539109300163
1.0,4.08,0,DOFbest,0.0514006284221923,0.8208721810251992,4.864955958930925e-05,0.1850511015543231,3.70452182182768,0.0002336575899367
1.0,4.08,45,DOFbest,0.0535417840994109,0.3554991832154755,0.5294119500393335,0.1838914070951718,1.740737580041205,2.516988652294014
1.0,4.08,90,DOFbest,0.0466016582920732,0.3204458953441105,0.3334834653059265,0.1485941936550316,1.4287827910325237,1.284291936841395
1.0,4.08,135,DOFbest,0.0498177275902798,0.2838714078847921,0.1769232324825239,0.1841745035736649,1.193762415524661,0.73058200210392
1.0,4.08,180,DOFbest,0.0615866896927162,0.8542518287022315,4.679278549419355e-05,0.2234073543907315,3.834996703505333,0.0001888532058312
1.0,4.58,0,DOFbest,0.0876282962636418,0.8992866324946375,7.842006614270615e-05,0.3156344314140302,3.2038353886406727,0.0003327687634512
1.0,4.58,45,DOFbest,0.0956049635709791,0.398024918063118,0.6245773071581465,0.3299207270564857,1.3832691378420163,2.452337922260081
1.0,4.58,90,DOFbest,0.0884756888493428,0.4191858235148674,0.3729068322438985,0.2799051130469199,1.5486159435895828,1.4346650061977897
1.0,4.58,135,DOFbest,0.0906786568140361,0.2932110209295955,0.203041017775372,0.3326457525673839,1.1963836423687004,0.8268022596000273
1.0,4.58,180,DOFbest,0.103818087828547,0.9692954380807456,8.632443436587618e-05,0.3692160592934599,3.7201879264096807,0.0003441981903558
2.0,3.58,0,DOFbest,0.0532596488575682,1.419894251982183,7.436940418374705e-05,0.22117851773953,5.524840022731043,0.0004768476059421
2.0,3.58,45,DOFbest,0.0458769021899966,0.6096896085504745,0.8431330814078039,0.171391461055036,2.705632222221455,3.675473957025009
2.0,3.58,90,DOFbest,0.0326855157845247,0.4251112591736879,0.6155151416757932,0.1219566906028323,1.7483881209165004,2.807252095159668
2.0,3.58,135,DOFbest,0.0480208315481299,0.5143596275346524,0.3267328686430776,0.180923073729983,2.2141009049735896,1.3908923967064042
2.0,3.58,180,DOFbest,0.0644075710874575,1.4485963359372551,6.708069597770014e-05,0.2517302305278954,6.115840208244158,0.0004953727699475
2.0,4.08,0,DOFbest,0.091385931480428,1.6245295613116233,9.277299862738413e-05,0.3126046412233952,7.118285301434298,0.0004844421624757
2.0,4.08,45,DOFbest,0.0949909048136443,0.7175129423607818,1.0643723122713094,0.3114351057195001,3.633832003959876,4.881273268772586
2.0,4.08,90,DOFbest,0.0806364029959203,0.6348200066631626,0.6733930501449292,0.2599909530039187,2.967117748474129,2.523774796185995
2.0,4.08,135,DOFbest,0.0925144696217595,0.5649312949868911,0.3658760371222171,0.3301465903206004,2.5447329040643063,1.5621400351170245
2.0,4.08,180,DOFbest,0.1142264801410472,1.7218808632841414,9.58589674015548e-05,0.3903746542329037,7.897449003077979,0.0005082980373558
2.0,4.58,0,DOFbest,0.1467301070164109,1.7660147526799117,0.0001246900897952,0.4861313709467649,6.1180111880887,0.0005518045844985
2.0,4.58,45,DOFbest,0.16007943038283,0.8159748365482142,1.2895719128613443,0.5132998142052028,2.9213922797237686,5.054686449462068
2.0,4.58,90,DOFbest,0.1437233992683027,0.843123545893114,0.7633752564915192,0.4472747291224422,2.994483501400866,3.047419855902401
2.0,4.58,135,DOFbest,0.1554047583045483,0.601487464775893,0.4306677498065016,0.5371377222921562,2.348761421317469,1.880806876273492
2.0,4.58,180,DOFbest,0.1791548655448098,1.9881923323335269,0.0001497502756546,0.5856253158005851,7.401962422067396,0.0006871473877622
2.0,6.59,0,low,0.3385434382143236,2.0295810415819004,0.0002751797391656,0.9879334479804032,7.208165951874738,0.0009021361811204
2.0,6.59,45,low,0.3728557358614344,1.405114977012349,2.293684788075818,1.210286215250727,5.609460930624542,8.999967938423266
2.0,6.59,90,low,0.3515599645817606,1.4852253661982904,1.5637267912164352,1.1049803331649428,5.302053608825129,6.380265367874174
2.0,6.59,135,low,0.3661182534853628,0.8989278393381689,1.0291959161743205,1.198358950730639,4.266734633588778,4.358813592615537
2.0,6.59,180,low,0.394509374286144,3.07355140395161,0.0003941167645064,1.3014173887771443,13.135450159133097,0.0013350745184269
2.0,7.09,0,low,0.369519978350487,2.0117102673106824,0.0002914948132876,1.1049689087029573,6.826800991466219,0.000968113321625
2.0,7.09,45,low,0.4061763292896432,1.45874189140455,2.373838171333504,1.3222756721177786,5.451835799727412,8.716574538074688
2.0,7.09,90,low,0.3854842199599127,1.5135484080063488,1.6647736678302845,1.225596161338041,5.317204265853397,6.044477995151475
2.0,7.09,135,low,0.3979982641785996,0.9192685299782783,1.1129701325272054,1.275995878665121,3.747198088080901,4.238576834936486
2.0,7.09,180,low,0.4271416433902633,3.120231968561058,0.0004156802538545,1.370729054096907,12.065419221446437,0.0012318719267127
2.0,7.59,0,low,0.3926095507276905,1.96318816473426,0.0003036310100942,1.146279518644632,7.440862186776185,0.0010730325158009
2.0,7.59,45,low,0.4297875936153399,1.4669047409926024,2.378239628956725,1.311207532200677,5.777119568477451,9.144397345388445
2.0,7.59,90,low,0.4104680746564088,1.4938570710203622,1.7093741588486555,1.1980267364376074,5.094673631305463,6.777519562811816
2.0,7.59,135,low,0.4210290577886284,0.9133324537305718,1.158286342255958,1.288218273872198,3.799662059957524,4.35824215100339
2.0,7.59,180,low,0.4494027041592859,3.077411573530449,0.0004233658596889,1.378258067000806,13.049420110841886,0.0013068768455293
4.0,6.59,0,low,0.521279191172573,3.6035440563592247,0.0003484684447387,1.4800599412790056,12.837254348220272,0.001797059850425
4.0,6.59,45,low,0.5808017626948776,2.850710120944917,4.5155719311135405,1.8770443534140109,10.336165472411606,17.34377297361346
4.0,6.59,90,low,0.5480846323847449,2.659303968264098,3.47550675271081,1.6954998474324587,8.662264622819885,14.629166748116477
4.0,6.59,135,low,0.5782501053271054,2.0632786190685226,2.200900531650149,1.8073894567732625,9.144849733186474,9.440399208101397
4.0,6.59,180,low,0.610176022704066,6.145850119985858,0.0005456264948019,1.8500649479817188,23.803816884231026,0.0020879727074606
4.0,7.09,0,low,0.579788499531761,3.5912149669206204,0.0003758586356005,1.6824203073352244,12.994770485687296,0.0017722401871829
4.0,7.09,45,low,0.6456794054359751,2.942609142592645,4.663639816358423,2.03313497157667,10.318219757760692,18.611283534459236
4.0,7.09,90,low,0.6121716359973833,2.6696125469034464,3.647273566540819,1.8504226828241053,8.684274145087418,14.335655621419717
4.0,7.09,135,low,0.6384974146737814,2.1002018531353746,2.3472286912665927,1.982462410081922,8.802377974061871,9.159367590085653
4.0,7.09,180,low,0.6712560123738281,6.233412097557747,0.0005885867222472,2.0644221750665133,22.70533942832519,0.0020453662957399
4.0,7.59,0,low,0.6290684999083391,3.536079891390505,0.0003955803755678,1.7937605025810432,14.051344291056974,0.0020143566733741
4.0,7.59,45,low,0.6981758332066619,2.9641948297665603,4.681342540221714,2.0344022120618286,11.186459091379936,17.473090497684463
4.0,7.59,90,low,0.6648450899431494,2.6196163375396933,3.69909688681412,1.9049141088568269,8.333282319930719,15.74449506517078
4.0,7.59,135,low,0.6864517726142262,2.0853282790553966,2.417786544133608,1.966262178856076,8.845567972064503,9.244001737192317
4.0,7.59,180,low,0.7222132063081492,6.181136056478231,0.0006093485464648,2.0679083794320365,24.147150834078,0.0023141330235165
2.0,6.59,0,linhigh,0.3214461991266689,1.9502373033796945,0.0002457433282675,0.9527987561187732,6.936319395357717,0.0008333626887172
2.0,6.59,45,linhigh,0.3551454334858855,1.305738084422989,2.133854483177082,1.1685488198840817,5.264039725265964,8.501968384975651
2.0,6.59,90,linhigh,0.3351889784525192,1.3910498138662817,1.4469415796821732,1.0681402274362908,5.035777957866064,6.021971268915249
2.0,6.59,135,linhigh,0.347095337032919,0.8432010826562124,0.9437379924680868,1.1535662800359645,4.0659743846747,4.086881701902825
2.0,6.59,180,linhigh,0.3749881516929486,2.884810109029509,0.0003525905870881,1.2542736684113027,12.500511252841516,0.0012612720072429
2.0,7.09,0,linhigh,0.3529814953526066,1.924676652927117,0.0002625190414016,1.0678092045530172,6.626117385654629,0.0009160584940414
2.0,7.09,45,linhigh,0.3889794980743609,1.3528679376899195,2.201736439163412,1.283588682284424,5.161145321685028,8.141641091818633
2.0,7.09,90,linhigh,0.3694957193048666,1.4120413663880815,1.5379816247014868,1.1853984919117515,5.013160710889095,5.678289802696646
2.0,7.09,135,linhigh,0.3795668742352515,0.863022686986508,1.020038171755932,1.238758889983309,3.462522186891166,3.991065014660236
2.0,7.09,180,linhigh,0.4079581138964462,2.9211240277072257,0.000372578176092,1.331522316537207,11.373270860401044,0.0013635452308094
2.0,7.59,0,linhigh,0.3770270892873702,1.87237940271065,0.0002719540154487,1.1098026691516232,7.058830786060292,0.0010188861239904
2.0,7.59,45,linhigh,0.413501148418945,1.3609069488943386,2.20476949212831,1.2631569280935624,5.380360182460946,8.44746254963364
2.0,7.59,90,linhigh,0.3952439342537412,1.3916494992597022,1.5807820912223365,1.160071572562614,4.771369248187387,6.257596559484748
2.0,7.59,135,linhigh,0.4037835650592775,0.8595884004600252,1.0627809056187838,1.2426082816514463,3.5087226154776743,4.010594298688064
2.0,7.59,180,linhigh,0.4313083785016255,2.879706707714838,0.0003804097989832,1.3310330490664135,12.136813128410424,0.0011746969643566
4.0,6.59,0,linhigh,0.5008070141165574,3.4787815454907256,0.0003208596579387,1.4476775779229292,12.363502546043897,0.0016962605906864
4.0,6.59,45,linhigh,0.5606542471479854,2.6933226081731907,4.264853811992249,1.8241911199353769,9.963951137957071,16.539165583865486
4.0,6.59,90,linhigh,0.5289828819045458,2.546806461602955,3.226751393516403,1.652111139355125,8.429112276959618,13.622891172082277
4.0,6.59,135,linhigh,0.5561115904416235,1.9361266177080196,2.0381833469749195,1.7545312761802268,8.696090585173614,8.84739014295655
4.0,6.59,180,linhigh,0.5891131673946004,5.8480454757640565,0.0004917833485019,1.7968744120802511,22.98805091444533,0.0018153845922935
4.0,7.09,0,linhigh,0.5591603177384206,3.454157146680556,0.0003458960352514,1.6428247590233882,12.285641837644071,0.0014536948584651
4.0,7.09,45,linhigh,0.6255088649262369,2.775582133710877,4.39221281949861,1.9745664077989136,9.829490502921582,17.697805617639595
4.0,7.09,90,linhigh,0.592979670509834,2.549769460808644,3.385203480855653,1.793319920247028,8.395403734960547,13.572021078974045
4.0,7.09,135,linhigh,0.6165003497263585,1.9704301386280612,2.172626842987464,1.9309246276351733,8.335782300245317,8.676938013459734
4.0,7.09,180,linhigh,0.6506812816558608,5.912132008876465,0.0005339912499616,2.0071514912048207,21.91294411437967,0.0019093749758505
4.0,7.59,0,linhigh,0.6088446079655122,3.3933077073651354,0.0003751725402811,1.7514096252428155,13.393770601576431,0.0032877873802918
4.0,7.59,45,linhigh,0.6783951492639846,2.7949097626217334,4.406671484799452,1.984287263254032,10.792028875225954,16.619854372171872
4.0,7.59,90,linhigh,0.6459096650091813,2.4978206895154464,3.439379276524153,1.865950892190754,7.949088380848684,14.750767370795128
4.0,7.59,135,linhigh,0.6650258398411002,1.9588650916614807,2.2425518818461265,1.9147908276019008,8.346767579456086,8.576525925004603
4.0,7.59,180,linhigh,0.701936621183055,5.8584566635081545,0.0005552869127674,2.0118663760100857,23.309475009697877,0.0018858940478382
2.0,6.59,0,quadhigh,0.3343584438490198,1.9960234348069656,0.0002733166822353,0.974791266274396,7.064477647873218,0.0011710817008131
2.0,6.59,45,quadhigh,0.3680777113845854,1.378238800197459,2.239695734870844,1.1896826346178375,5.48240920180594,8.717410730899253
2.0,6.59,90,quadhigh,0.3473564413068647,1.459162721952173,1.536890928235341,1.0883577794613155,5.180780428826025,6.257935853777492
2.0,6.59,135,quadhigh,0.3608340801095051,0.8881072155209936,1.0166383694398122,1.1769096057241293,4.201729428172282,4.288994917671858
2.0,6.59,180,quadhigh,0.3891059594783754,2.9659232017222776,0.0003933754906056,1.2768876374309142,12.567074400951642,0.001264735025812
2.0,7.09,0,quadhigh,0.3653253350207394,1.9768557314355928,0.0002904561058385,1.090086110956636,6.683216288654789,0.0009923814913719
2.0,7.09,45,quadhigh,0.4013345233622946,1.4307158786509542,2.316676741479149,1.3030846726475518,5.33160477388858,8.468868721503124
2.0,7.09,90,quadhigh,0.3811932017456246,1.4859415289739808,1.635927005558876,1.2074391309461574,5.180038448325798,5.93407846554145
2.0,7.09,135,quadhigh,0.3927308712935299,0.9090221967623152,1.0991297316514266,1.2594524070017012,3.6550509638662696,4.183771493127229
2.0,7.09,180,quadhigh,0.4215713250704622,3.009976233051908,0.0004144274151905,1.352163544501169,11.440685099912653,0.001441663723328
2.0,7.59,0,quadhigh,0.3885460198232853,1.9287789785027696,0.0002993278744272,1.1311708852937294,7.219892379558562,0.0010274645449892
2.0,7.59,45,quadhigh,0.4250697903055973,1.438984496903765,2.3210718017575886,1.2878700371879377,5.622572976589116,8.741751187308727
2.0,7.59,90,quadhigh,0.4062307237914515,1.4665963653663436,1.680146181864924,1.181033364963795,4.964568979994029,6.579486720856461
2.0,7.59,135,quadhigh,0.4159803755611599,0.9040755513728502,1.1435878893787437,1.266142891963558,3.711766460359368,4.264695877113551
2.0,7.59,180,quadhigh,0.4440164801484239,2.9701951019233666,0.0004231705933073,1.3542760611985538,12.215048137622732,0.0013183363321725
4.0,6.59,0,quadhigh,0.5139592857949663,3.5089221038822944,0.0003500921650826,1.4642187790262189,12.292374187517137,0.0016556466245188
4.0,6.59,45,quadhigh,0.572858024001079,2.770607051042819,4.358259824291703,1.8390055610305804,10.076057287801952,16.64551278061595
4.0,6.59,90,quadhigh,0.541006098169454,2.6076291076789904,3.351388922667268,1.6679534104385456,8.421135474316975,13.884329902717193
4.0,6.59,135,quadhigh,0.5693019450576574,2.009602602453051,2.148068287468927,1.7739951959476352,8.835284401019983,9.16375358413332
4.0,6.59,180,quadhigh,0.602807433443216,5.828699669106343,0.000539629256878,1.8119621697543749,22.36186836232768,0.0019953978479673
4.0,7.09,0,quadhigh,0.5719674704438542,3.4928783505854057,0.000375869180908,1.6610228652631558,12.368708513468292,0.0015342086717753
4.0,7.09,45,quadhigh,0.6371188734253798,2.8595451196005914,4.495671063982225,1.9901535902974608,9.95565971164889,17.913250129638833
4.0,7.09,90,quadhigh,0.6044766545131818,2.6165852182365708,3.5173137492736632,1.8119141267756589,8.452685314369782,13.9034005969133
4.0,7.09,135,quadhigh,0.6291596758985061,2.047562796308862,2.290081313711584,1.948345424503692,8.479202496978964,8.928294852847175
4.0,7.09,180,quadhigh,0.6634568029707553,5.902870824084003,0.0005855664194871,2.0330127828093154,21.38967429745309,0.0019828202667478
4.0,7.59,0,quadhigh,0.6209688010187507,3.438888339520388,0.0003946873671775,1.7719157421280975,13.38888478222641,0.0014613672283287
4.0,7.59,45,quadhigh,0.6891786257373247,2.8805046076305403,4.513056339402452,1.995399743361256,10.886131676183846,16.53516045189487
4.0,7.59,90,quadhigh,0.6567367862418569,2.568290988326234,3.570629467942832,1.8786774019105832,8.116540445368738,14.902969687851831
4.0,7.59,135,quadhigh,0.6770070294020902,2.035300941682717,2.3601163751428085,1.9337280481146817,8.515411284408827,8.881632396865353
4.0,7.59,180,quadhigh,0.7137849797486994,5.853964471477291,0.0006072965384825,2.028509593788255,22.541779929947428,0.0021941386712139
2.0,6.59,0,DOFbest,0.3294223520476018,1.9700984042106116,0.0002554315996859,0.967444811412118,6.9901575488871375,0.000914066981405
2.0,6.59,45,DOFbest,0.3633702687514648,1.3389757647306666,2.1858725012114184,1.183660538216781,5.3635511723367175,8.664030354262243
2.0,6.59,90,DOFbest,0.3429294301787788,1.421639760920398,1.4836252006631163,1.082730515519395,5.105724182497895,6.137351112966146
2.0,6.59,135,DOFbest,0.3556804004968013,0.8628433587999941,0.9703022987820324,1.1696212780681188,4.130072904593123,4.17445575316277
2.0,6.59,180,DOFbest,0.3838722617802307,2.925518357188241,0.000367357709093,1.2708744294400085,12.56041453604394,0.0011344681993462
2.0,7.09,0,DOFbest,0.3606466793080369,1.947077766378037,0.0002735673899954,1.082442543660869,6.650640480664732,0.0010296694014882
2.0,7.09,45,DOFbest,0.3968721569463341,1.388431755013288,2.2577546054688318,1.297271777552873,5.2407656579901305,8.327612887814473
2.0,7.09,90,DOFbest,0.3769677804695395,1.4453398164066729,1.577655157503855,1.2001486142599895,5.094117673991163,5.794027919242544
2.0,7.09,135,DOFbest,0.3878155218596536,0.8828377206112529,1.0489462242627352,1.2524620377567677,3.556619806957544,4.068756958942077
2.0,7.09,180,DOFbest,0.4165587030397222,2.965197269235172,0.0003873794967641,1.345997598235016,11.439501957811244,0.0011527350366593
2.0,7.59,0,DOFbest,0.3842081953003571,1.8964702895365704,0.0002825469284571,1.1239219703886467,7.135080196980517,0.0009695956456422
2.0,7.59,45,DOFbest,0.4209090910439204,1.3964686753530844,2.26107554032446,1.2802989852335882,5.4936345215017575,8.674796718881243
2.0,7.59,90,DOFbest,0.4022742000299958,1.425469988261033,1.6209434037930397,1.1747789826335913,4.863628935670217,6.421018027748373
2.0,7.59,135,DOFbest,0.4114494698498955,0.8785017960076927,1.092535394551873,1.2588150586571083,3.600133432847321,4.120860800648985
2.0,7.59,180,DOFbest,0.4393660918353511,2.924225676195761,0.0003951579607491,1.3479495190155566,12.21972847182138,0.0012858348807903
4.0,6.59,0,DOFbest,0.5093313883558812,3.493587506771363,0.0003328519097795,1.4592629713282532,12.35999020608264,0.0017768635314422
4.0,6.59,45,DOFbest,0.568693026778843,2.729334117583045,4.345866330266198,1.8360810798727945,9.98849058015283,16.778829492167688
4.0,6.59,90,DOFbest,0.5370428904470178,2.573942088680716,3.3068879681587533,1.6658521583125392,8.415371999745282,13.923327611957438
4.0,6.59,135,DOFbest,0.5649367411168202,1.970698548623152,2.089912061122357,1.7697967930459977,8.77284501541416,9.038899614177057
4.0,6.59,180,DOFbest,0.5981344312612918,5.85205443704368,0.0005096119990286,1.810484051741908,22.767271864070768,0.0018929828316502
4.0,7.09,0,DOFbest,0.5675544275572302,3.472697329094933,0.0003616128217574,1.655821772823113,12.347521266039315,0.0014469016212379
4.0,7.09,45,DOFbest,0.6333136980049661,2.8148158529097502,4.479598281103771,1.986868289009788,9.894097731163178,17.982963386973967
4.0,7.09,90,DOFbest,0.6007845400021166,2.5795980002166976,3.468669937760779,1.8091484510421825,8.418121514614374,13.81320052911346
4.0,7.09,135,DOFbest,0.6250432182397784,2.0063368116153093,2.227973040119731,1.9449816672073768,8.414508497158637,8.826459111348871
4.0,7.09,180,DOFbest,0.6592323458727174,5.921313301352142,0.000551545295844,2.026166111207588,21.728479708743148,0.0018407331804045
4.0,7.59,0,DOFbest,0.6168738174937647,3.4145773699482445,0.0003811131757079,1.7655146632687364,13.417166908986594,0.0029339993888256
4.0,7.59,45,DOFbest,0.6857676035109767,2.834846188830275,4.495345759447392,1.994222678130756,10.810583174695624,16.885088254586528
4.0,7.59,90,DOFbest,0.6533363424273854,2.5291658465957947,3.5217873649686067,1.877025460982044,8.029122822957321,15.08875082020434
4.0,7.59,135,DOFbest,0.6731680690260751,1.9941986542510115,2.2980596974720453,1.929444980478562,8.440673979805402,8.792604901991208
4.0,7.59,180,DOFbest,0.7099963245006233,5.869297237112909,0.0005736386796828,2.026122684441204,23.01813489922757,0.0022089525524676
