,mean,std,min,max,skewness,kurtosis,normaltest_stat,p_value,normaal_bij_alpha=0.05,best_dist,AIC_best,AIC_norm,delta_AIC_(norm-best)
Hs1_Tp4_low_v_Z,0.0002510810049547221,0.045811726899168764,-0.2409743447461677,0.1797912873160182,-0.15453111723118157,-0.03176207482261795,214.76123110783178,2.31841512580093e-47,False,skewnorm,-179942.4620055937,-179742.20585513557,200.25615045812447
Hs1_Tp4_low_v_pitch,-4.3230185212202687e-07,0.021927760538880757,-0.101226732134819,0.0951191857457161,-0.0028800590783234713,0.0975422771783565,19.700297161905617,5.2739356369520195e-05,False,t,-259332.7609680487,-259316.63931047256,16.121657576150028
Hs1_Tp4_low_v_roll,6.734945138192038e-10,1.727358877341713e-06,-7.918550181784667e-06,7.602817731822142e-06,-0.14452251362011467,0.49219236391184884,542.824526228365,1.3401450563544555e-118,False,gennorm,-1280190.363353071,-1279818.3718403412,371.99151272978634
Hs1_Tp4_linhigh_v_Z,0.00022668841586297276,0.04315408984738449,-0.2378098865278119,0.1735903873357551,-0.17825547886460497,0.022425943906401624,282.76962040071936,3.956918497987467e-62,False,skewnorm,-186467.59131436585,-186196.71955801072,270.8717563551327
Hs1_Tp4_linhigh_v_pitch,-4.0057050244777366e-07,0.021844161898028125,-0.1009607166051864,0.0951062887907028,-0.002310701925054582,0.09627459639261948,19.191378246869427,6.802133694287252e-05,False,t,-259744.841357956,-259729.17917093931,15.662187016685493
Hs1_Tp4_linhigh_v_roll,8.443332210620587e-10,1.5945258372016506e-06,-8.010649253265001e-06,6.733311693096766e-06,-0.1933768830304979,0.3958458341012965,579.2193007116764,1.675432534362258e-126,False,skewnorm,-1288806.9605468782,-1288460.3862553313,346.57429154682904
Hs1_Tp4_quadhigh_v_Z,0.0002457807960519362,0.045694966740571046,-0.2404062538959706,0.1795084933737159,-0.15449163397564525,-0.03517706538679999,215.19002770870765,1.8710233297835946e-47,False,skewnorm,-180217.82235533738,-180017.8214847899,200.0008705474902
Hs1_Tp4_quadhigh_v_pitch,-4.2809339913540384e-07,0.021908698043118954,-0.1010210737586021,0.0950687676668167,-0.002618828615125203,0.09216357435397926,17.678473968409385,0.0001449332908940531,False,t,-259424.8067688983,-259410.56969917842,14.237069719878491
Hs1_Tp4_quadhigh_v_roll,7.249226902888555e-10,1.7226089379474927e-06,-8.037681254791096e-06,7.408260444208281e-06,-0.15051837195166926,0.5032847590251088,571.5567664165943,7.72725288572217e-125,False,gennorm,-1280497.451973932,-1280115.7678197068,381.6841542252805
Hs1_Tp4_DOFbest_v_Z,0.00023533939580292393,0.04458619822881683,-0.2395839464997979,0.1772861601646726,-0.16409356084517848,-0.009839866842932032,239.42373258624121,1.0228149106250268e-52,False,skewnorm,-182898.3681075734,-182670.76106481606,227.6070427573286
Hs1_Tp4_DOFbest_v_pitch,-4.118793510721636e-07,0.021873080191473604,-0.1009855419397354,0.0950997769832611,-0.002378942945401273,0.09460629271654586,18.56781725329475,9.290727300736308e-05,False,t,-259601.37366210725,-259586.29577596893,15.07788613831508
Hs1_Tp4_DOFbest_v_roll,8.844769992627284e-10,1.6394161852664328e-06,-8.094511940726079e-06,7.3791925387922674e-06,-0.1675478118297772,0.49519004440971104,609.5148979872646,4.421010874487205e-133,False,gennorm,-1285801.2459443389,-1285461.842209547,339.40373479179107
Hs4_Tp9_low_v_Z,-0.0012859563922399096,0.6291084666119583,-2.621754441040201,2.10836365962014,-0.11766323819296255,-0.1380106297712298,173.11309685280682,2.564298898572416e-38,False,gennorm,103074.8129784935,103197.50037669356,122.6873982000543
Hs4_Tp9_low_v_pitch,-2.748060038858555e-06,0.08117508657998344,-0.2654898464679718,0.3118124008178711,0.027398442173710975,-0.19157776556183093,107.84081229248494,3.82529690165805e-24,False,gennorm,-118060.35640807544,-117957.68743609898,102.66897197646904
Hs4_Tp9_low_v_roll,2.7447822570965445e-07,6.3095404514756604e-06,-0.0001292494853259,0.0001141407192335,-0.47665690560714813,23.39258280240477,15804.517319723023,0.0,False,logistic,-1144861.761577724,-1139905.1004101464,4956.661167577608
Hs4_Tp9_linhigh_v_Z,-0.00037229338137489374,0.6121715110522746,-2.542749568002992,2.013803317858714,-0.15622074655041832,-0.16367312312758697,288.5205645322959,2.2312870969172017e-63,False,skewnorm,100049.26770156121,100249.99676560379,200.7290640425781
Hs4_Tp9_linhigh_v_pitch,-2.5745469889653764e-06,0.07774702720965941,-0.2581128180027008,0.3014667630195617,0.03202456188025232,-0.16272789509914887,79.76882847988266,4.7689084104957645e-18,False,gennorm,-122685.81488616206,-122617.76523714323,68.0496490188234
Hs4_Tp9_linhigh_v_roll,2.4876460810035715e-07,5.820974634310788e-06,-9.56466974457726e-05,0.000114360016596,0.05418807251940452,12.479104896020063,10588.290524538948,0.0,False,logistic,-1150057.1528638513,-1148609.536140322,1447.616723529296
Hs4_Tp9_quadhigh_v_Z,-0.0006341459098217441,0.6207190663127878,-2.503715315617264,2.0274440285099637,-0.13577336395674142,-0.20870519574015045,286.8509852637444,5.141620112321554e-63,False,gennorm,101517.70994241773,101747.56333196422,229.85338954649342
Hs4_Tp9_quadhigh_v_pitch,-2.627412578487649e-06,0.07856132292726241,-0.2566319108009338,0.2991855442523956,0.031471504433694,-0.21929250379184673,145.74637377080822,2.2468654024446893e-32,False,gennorm,-121628.48396018549,-121492.47203784104,136.01192234444898
Hs4_Tp9_quadhigh_v_roll,2.6755950316755523e-07,6.049477144366055e-06,-8.350049029104412e-05,0.0001034480446833,0.23098277491154814,12.349224854051016,10973.530586272145,0.0,False,logistic,-1146104.2991629965,-1144451.0125276104,1653.286635386059
Hs4_Tp9_DOFbest_v_Z,-0.0005210084429780603,0.618019611770536,-2.534546879223992,2.026325311011116,-0.1427542547134427,-0.18524812161720128,275.4473170322682,1.5394836430937452e-60,False,gennorm,101082.92218013675,101276.84750442108,193.92532428432605
Hs4_Tp9_DOFbest_v_pitch,-2.587394634262138e-06,0.07820933964290158,-0.2576617002487182,0.3009696006774902,0.031869327135079784,-0.18609926875624438,103.91945757163597,2.7175435157624255e-23,False,gennorm,-122070.4503160142,-121977.44750368122,93.00281233298301
Hs4_Tp9_DOFbest_v_roll,2.6393721452187047e-07,6.217146245342198e-06,-0.0001313927205046,0.0001221897546201,0.0626589603464882,22.082305219465248,13683.180093193929,0.0,False,logistic,-1146401.521664243,-1141498.3293706817,4903.1922935612965
Hs6_Tp9_low_v_Z,0.012018051409422466,0.8917533840014934,-3.7893810524729785,3.5204754474593525,-0.2222693227493778,0.46931350397551785,764.2326403224049,1.1194139347517982e-166,False,skewnorm,140462.3420829186,140877.87904657447,415.5369636558753
Hs6_Tp9_low_v_pitch,-1.83901251764735e-06,0.1197599152187265,-0.3982686102390289,0.4739454686641693,0.06809234436065786,-0.17889098113769908,128.49671622595037,1.2511016596063727e-28,False,gennorm,-76040.91719794489,-75957.79973270997,83.11746523491456
Hs6_Tp9_low_v_roll,5.968032086426007e-07,1.427101139777479e-05,-0.000507173826918,0.0005999430431984,1.0169886707144333,195.4166311904244,30251.20692145992,0.0,False,t,-1101143.945153198,-1051757.3824499778,49386.562703220174
Hs6_Tp9_linhigh_v_Z,0.01308950672287425,0.8680857544073866,-3.658950949283657,3.341994313372358,-0.24627259573385538,0.4127550333410275,796.9940650642118,8.60870283262706e-174,False,skewnorm,137462.00302508147,137972.72095380066,510.71792871918296
Hs6_Tp9_linhigh_v_pitch,-1.6540649851201005e-06,0.1155377257950857,-0.3849870264530182,0.4600272476673126,0.07873852056943892,-0.15261283278232973,116.97174492178003,3.980231394608435e-26,False,gennorm,-79891.08939960689,-79834.19944835204,56.88995125485235
Hs6_Tp9_linhigh_v_roll,5.095003046450575e-07,1.2999611631584715e-05,-0.0004329579533077,0.0004513497406151,0.6952965800928539,147.4317092880756,26211.67287849585,0.0,False,t,-1100080.118265803,-1061835.1378760259,38244.980389777105
Hs6_Tp9_quadhigh_v_Z,0.012950744369120961,0.8729274363644931,-3.51045814412896,3.28493062173757,-0.2282891190142887,0.30476611735601544,616.2532327323697,1.5216360352748188e-134,False,skewnorm,138125.2941801545,138573.4202311247,448.12605097019696
Hs6_Tp9_quadhigh_v_pitch,-1.7320373325996271e-06,0.11517508701345576,-0.375108927488327,0.4498665034770965,0.08065685018722414,-0.21259166018947662,185.9612105934237,4.1594527537649384e-41,False,gennorm,-80298.23416677785,-80173.71891822005,124.51524855780008
Hs6_Tp9_quadhigh_v_roll,5.322821277196027e-07,1.2715662596858428e-05,-0.0004592637415044,0.000491161015816,1.0243716315910802,165.0657272867144,29691.03343527122,0.0,False,t,-1099513.8438133649,-1064220.3591919036,35293.48462146125
Hs6_Tp9_DOFbest_v_Z,0.012985084646803194,0.8728324532639242,-3.599921610024949,3.3352110867929694,-0.23603835669283865,0.36464210989550905,704.5792506746716,1.005911293901249e-153,False,skewnorm,138088.0526005313,138561.66791066076,473.6153101294767
Hs6_Tp9_DOFbest_v_pitch,-1.6939454298265766e-06,0.11554941658746361,-0.3814878761768341,0.4564616978168487,0.07948585011765545,-0.1783969139178625,143.02334373842552,8.767494770753318e-32,False,gennorm,-79905.6241113879,-79823.27171826373,82.35239312416525
Hs6_Tp9_DOFbest_v_roll,4.920839148544537e-07,1.1678802521963858e-05,-0.0002724551886785,0.0002117062686011,-0.2674550890563295,50.55544539343777,18536.329395922854,0.0,False,t,-1100301.025228828,-1073406.9078557626,26894.117373065325
Hs8_Tp9_low_v_Z,0.04365323588709081,1.163845148867512,-5.070826825200822,5.032520514821185,-0.22887681691383885,0.9923925224987511,1492.9503573907616,0.0,False,logistic,167958.0087067657,169638.2680513007,1680.2593445350067
Hs8_Tp9_low_v_pitch,-1.5439599499053167e-06,0.15403688453778513,-0.4866814017295837,0.6172626614570618,0.09696095576178623,-0.1921540768736909,186.00587091447403,4.067600856571635e-41,False,gennorm,-48864.378842861144,-48773.3667606479,91.01208221324487
Hs8_Tp9_low_v_roll,6.530355175530494e-07,2.0745129945352746e-05,-0.0005769928102381,0.0003948346711695,-0.8971270557466139,83.1136156934366,25643.816778441214,0.0,False,t,-1068816.1760641094,-1011355.8632925772,57460.31277153222
Hs8_Tp9_linhigh_v_Z,0.044408847557694774,1.1313112853650404,-4.852063150959372,4.812574223813851,-0.235379066369054,0.9103571817272931,1400.2807991752761,8.56816658410616e-305,False,logistic,165107.1262199366,166576.20427176522,1469.0780518286338
Hs8_Tp9_linhigh_v_pitch,-1.1427462380952418e-06,0.14931116564651895,-0.4729074835777282,0.6027181148529053,0.11126087009795244,-0.16462001711579966,183.1086591604397,1.7316490100926821e-40,False,skewnorm,-52233.39849833172,-52138.66537490944,94.73312342228019
Hs8_Tp9_linhigh_v_roll,1.104110834500582e-06,1.765675704798287e-05,-0.0004783572512678,0.0004828587116207,0.5566410444194188,93.49264580731804,23189.656742877414,0.0,False,t,-1076966.3758655249,-1028765.0266550612,48201.3492104637
Hs8_Tp9_quadhigh_v_Z,0.04422410167367048,1.127896785986924,-4.589465471990319,4.642982242832959,-0.21308135518578725,0.733027036625217,1065.6530946042756,3.947941376226125e-232,False,logistic,165207.24509455467,166249.74205051185,1042.4969559571764
Hs8_Tp9_quadhigh_v_pitch,-1.2274960105972834e-06,0.14758201438191118,-0.4570819735527038,0.5847224593162537,0.11716927149082158,-0.22030241314052113,261.0183612027696,2.092102830756176e-57,False,gennorm,-53529.3239550903,-53396.71991488029,132.6040402100116
Hs8_Tp9_quadhigh_v_roll,6.304603405684137e-07,1.4876410399412314e-05,-0.0002363306412007,0.0002833556500263,0.6259903830226654,41.740396848322064,19961.964255706167,0.0,False,t,-1078988.6851686058,-1047270.2817937775,31718.40337482828
Hs8_Tp9_DOFbest_v_Z,0.04428900392007533,1.1329201850557984,-4.7427455723466885,4.747317312070239,-0.22455435534843513,0.8301511524422467,1243.63706348058,8.864268858871631e-271,False,logistic,165450.26796979504,166729.69071157195,1279.4227417769143
Hs8_Tp9_DOFbest_v_pitch,-1.2035489510151674e-06,0.14876916473163987,-0.466869443655014,0.5949109196662903,0.11348735424789116,-0.18897988110496433,213.27522877752676,4.873853912587185e-47,False,skewnorm,-52628.965608881714,-52531.426931818045,97.53867706366873
Hs8_Tp9_DOFbest_v_roll,5.544806624892799e-07,1.665707732688624e-05,-0.0004257925611454,0.0003265142440795,-1.3785435983994905,69.11680031112644,29462.344615969516,0.0,False,t,-1078381.0630696819,-1035059.7455516544,43321.3175180275
