time [s],motion,velocity,linear_damping,quadratic_damping,total_damping,abs_linear_damping,abs_quadratic_damping
0.0,0.71839255,-3.93432,15.73728,7.7394366,23.476717,15.73728,7.7394366
0.04486446790053833,0.5418814,-3.8959882,15.583953,7.589362,23.173315,15.583953,7.589362
0.08965738162578418,0.36908296,-3.812675,15.2507,7.268245,22.518946,15.2507,7.268245
0.13445029535103004,0.20031974,-3.7161055,14.864422,6.90472,21.769142,14.864422,6.90472
0.17931476325168205,0.03591404,-3.615145,14.46058,6.5346365,20.995216,14.46058,6.5346365
0.22410767697681422,-0.123811744,-3.5100338,14.040135,6.1601686,20.200304,14.040135,6.1601686
0.26890059070217376,-0.27853525,-3.39476,13.57904,5.7621975,19.341236,13.57904,5.7621975
0.3136935044274196,-0.4279341,-3.2697823,13.079129,5.345738,18.424868,13.079129,5.345738
0.35855797232795794,-0.57168597,-3.1400108,12.560043,4.929834,17.489878,12.560043,4.929834
0.4033508860533175,-0.7094684,-3.0057557,12.023023,4.5172834,16.540306,12.023023,4.5172834
0.44814379977844965,-0.8409591,-2.8595314,11.438126,4.08846,15.526586,11.438126,4.08846
0.49300826767910166,-0.96583563,-2.7081518,10.832607,3.6670432,14.499651,10.832607,3.6670432
0.5378011814043475,-1.0837756,-2.5519793,10.207917,3.2562993,13.464216,10.207917,3.2562993
0.5825940951295934,-1.1944568,-2.384561,9.538244,2.8430657,12.3813095,9.538244,2.8430657
0.6274585630301317,-1.2975568,-2.211574,8.846296,2.44553,11.291826,8.846296,2.44553
0.6722514767554912,-1.3927531,-2.0279922,8.111969,2.0563762,10.168345,8.111969,2.0563762
0.7170443904807371,-1.4792361,-1.825777,7.303108,1.6667309,8.969839,7.303108,1.6667309
0.7619088583812754,-1.5564325,-1.6153553,6.461421,1.3046863,7.7661076,6.461421,1.3046863
0.806701772106635,-1.6240797,-1.4012674,5.6050696,0.98177516,6.586845,5.6050696,0.98177516
0.8514946858317671,-1.6819662,-1.1808087,4.7232347,0.6971545,5.420389,4.7232347,0.6971545
0.8963591537324191,-1.729932,-0.95794314,3.8317726,0.45882753,4.2906003,3.8317726,0.45882753
0.941152067457665,-1.7678688,-0.73434824,2.937393,0.26963368,3.2070267,2.937393,0.26963368
0.9859449811829109,-1.7957191,-0.5088729,2.0354917,0.12947583,2.1649675,2.0354917,0.12947583
1.0308094490834492,-1.8134768,-0.28385657,1.1354263,0.040287275,1.1757135,1.1354263,0.040287275
1.0756023628088087,-1.821185,-0.0609341,0.2437364,0.0018564822,0.24559288,0.2437364,0.0018564822
1.1203952765341683,-1.8189356,0.15951414,-0.6380566,-0.012722381,-0.65077895,0.6380566,0.012722381
1.1652597444347066,-1.8068677,0.37682238,-1.5072895,-0.07099755,-1.5782871,1.5072895,0.07099755
1.2100526581599524,-1.7851661,0.5894728,-2.357891,-0.17373908,-2.53163,2.357891,0.17373908
1.2548455718850846,-1.7540593,0.7956308,-3.1825233,-0.3165142,-3.4990375,3.1825233,0.3165142
1.299710039785623,-1.7138175,0.99626976,-3.985079,-0.4962767,-4.4813557,3.985079,0.4962767
1.3445029535109825,-1.6647506,1.1900526,-4.7602105,-0.70811266,-5.468323,4.7602105,0.70811266
1.389295867236342,-1.6072056,1.3738147,-5.495259,-0.94368345,-6.4389424,5.495259,0.94368345
1.4341603351368803,-1.5415652,1.5500563,-6.2002254,-1.2013373,-7.4015627,6.2002254,1.2013373
1.4789532488621262,-1.4682441,1.7176545,-6.870618,-1.4751685,-8.345786,6.870618,1.4751685
1.5237461625874857,-1.3876877,1.8722897,-7.4891586,-1.7527343,-9.241893,7.4891586,1.7527343
1.568610630488024,-1.3003689,2.0178082,-8.071233,-2.035775,-10.107008,8.071233,2.035775
1.6134035442131562,-1.2067865,2.1533203,-8.613281,-2.3183942,-10.931675,8.613281,2.3183942
1.6581964579385158,-1.1074619,2.2754612,-9.101845,-2.588862,-11.690706,9.101845,2.588862
1.7029893716637616,-1.0029374,2.383307,-9.533228,-2.840076,-12.373304,9.533228,2.840076
1.7478538395643,-0.89377373,2.4805207,-9.922083,-3.0764916,-12.998574,9.922083,3.0764916
1.7926467532896595,-0.7805472,2.5644326,-10.2577305,-3.2881572,-13.545888,10.2577305,3.2881572
1.8375112211901978,-0.66384816,2.6352975,-10.54119,-3.4723966,-14.013587,10.54119,3.4723966
1.8823041349154437,-0.5442782,2.6946235,-10.778494,-3.630498,-14.408992,10.778494,3.630498
1.9270970486408032,-0.4224481,2.7381895,-10.952758,-3.7488408,-14.701599,10.952758,3.7488408
1.9718899623659354,-0.29897523,2.7656987,-11.062795,-3.8245447,-14.88734,11.062795,3.8245447
2.0167544302664737,-0.17448148,2.7815392,-11.126157,-3.8684802,-14.994637,11.126157,3.8684802
2.0615473439918333,-0.04959066,2.7856572,-11.142629,-3.879943,-15.022572,11.142629,3.879943
2.106340257717079,0.07507393,2.7714882,-11.085953,-3.8405733,-14.926526,11.085953,3.8405733
2.1512047256176174,0.19889206,2.7457118,-10.982847,-3.7694666,-14.752314,10.982847,3.7694666
2.195997639342977,0.32124928,2.7085485,-10.834194,-3.6681175,-14.502312,10.834194,3.6681175
2.240790553068223,0.44153962,2.6536994,-10.614798,-3.5210602,-14.135858,10.614798,3.5210602
2.285655020968761,0.55916846,2.5877526,-10.35101,-3.3482318,-13.699242,10.35101,3.3482318
2.330447934694007,0.6735556,2.5112183,-10.044873,-3.1531086,-13.197982,10.044873,3.1531086
2.375240848419253,0.784138,2.418372,-9.673488,-2.9242613,-12.597749,9.673488,2.9242613
2.420105316319791,0.8903733,2.3154476,-9.26179,-2.6806488,-11.942439,9.26179,2.6806488
2.4648982300451507,0.9917425,2.2032504,-8.813002,-2.4271562,-11.240158,8.813002,2.4271562
2.5096911437703966,1.0877533,2.0769107,-8.307643,-2.156779,-10.464422,8.307643,2.156779
2.554555611670935,1.1779433,1.9420569,-7.7682276,-1.8857925,-9.65402,7.7682276,1.8857925
2.5993485253962945,1.2618828,1.7997742,-7.1990967,-1.6195935,-8.81869,7.1990967,1.6195935
2.6441414391214266,1.3391776,1.6462722,-6.5850887,-1.355106,-7.9401946,6.5850887,1.355106
2.6890059070220786,1.4094719,1.4863443,-5.9453773,-1.1046097,-7.049987,5.9453773,1.1046097
2.7337988207473245,1.4724509,1.32131,-5.28524,-0.8729301,-6.15817,5.28524,0.8729301
2.7785917344725704,1.5278425,1.1486106,-4.5944424,-0.6596531,-5.2540956,4.5944424,0.6596531
2.8234562023731087,1.5754197,0.9719961,-3.8879845,-0.47238824,-4.3603725,3.8879845,0.47238824
2.868249116098468,1.6150018,0.7929351,-3.1717403,-0.31437302,-3.4861133,3.1717403,0.31437302
2.913042029823714,1.6464554,0.6101797,-2.440719,-0.18615964,-2.6268785,2.440719,0.18615964
2.9579064977242524,1.6696957,0.42626336,-1.7050534,-0.09085023,-1.7959037,1.7050534,0.09085023
3.002699411449612,1.6846862,0.24270114,-0.9708046,-0.029451922,-1.0002565,0.9708046,0.029451922
3.047492325174744,1.6914383,0.059441086,-0.23776434,-0.0017666214,-0.23953097,0.23776434,0.0017666214
3.0922852389001036,1.6900113,-0.12173639,0.48694557,0.007409875,0.49435544,0.48694557,0.007409875
3.137149706800642,1.6805109,-0.30043635,1.2017454,0.045130998,1.2468764,1.2017454,0.045130998
3.1819426205260015,1.6630876,-0.4752519,1.9010077,0.11293219,2.0139399,1.9010077,0.11293219
3.2267355342512474,1.637935,-0.6445444,2.5781777,0.20771876,2.7858965,2.5781777,0.20771876
3.2716000021517857,1.6052876,-0.8089602,3.2358408,0.3272083,3.563049,3.2358408,0.3272083
3.3163929158771452,1.5654174,-0.9672889,3.8691556,0.46782392,4.3369794,3.8691556,0.46782392
3.3611858296022774,1.5186322,-1.1168638,4.4674554,0.62369245,5.091148,4.4674554,0.62369245
3.4060502975029294,1.465272,-1.259651,5.038604,0.79336023,5.831964,5.038604,0.79336023
3.4508432112281753,1.4057052,-1.3946992,5.578797,0.97259295,6.5513897,5.578797,0.97259295
3.495636124953421,1.3403267,-1.5184885,6.073954,1.1529037,7.2268577,6.073954,1.1529037
3.5405005928539595,1.2695531,-1.634159,6.536636,1.3352377,7.871874,6.536636,1.3352377
3.585293506579319,1.1938204,-1.7410424,6.9641695,1.5156143,8.479784,6.9641695,1.5156143
3.630086420304565,1.1135803,-1.8349481,7.3397923,1.6835172,9.02331,7.3397923,1.6835172
3.674950888205103,1.0292975,-1.9199766,7.6799064,1.843155,9.523062,7.6799064,1.843155
3.7197438019304627,0.9414462,-1.9957361,7.9829445,1.9914813,9.974426,7.9829445,1.9914813
3.764536715655595,0.8505078,-2.057544,8.230176,2.1167436,10.34692,8.230176,2.1167436
3.809401183556247,0.75696826,-2.110208,8.440832,2.226489,10.667321,8.440832,2.226489
3.8541940972814928,0.6613157,-2.1535778,8.614311,2.3189487,10.93326,8.614311,2.3189487
3.8989870110067386,0.5640382,-2.1826644,8.730658,2.382012,11.112669,8.730658,2.382012
3.943851478907277,0.46562213,-2.2027118,8.810847,2.4259696,11.236816,8.810847,2.4259696
3.9886443926326365,0.36655015,-2.2137682,8.855073,2.4503849,11.305458,8.855073,2.4503849
4.033437306357882,0.26729986,-2.210732,8.842928,2.443668,11.286596,8.842928,2.443668
4.078301774258421,0.16834243,-2.1990135,8.796054,2.4178302,11.213884,8.796054,2.4178302
4.12309468798378,0.070141114,-2.1788282,8.715313,2.3736463,11.088959,8.715313,2.3736463
4.167887601708912,-0.026849708,-2.1451643,8.580657,2.300865,10.881522,8.580657,2.300865
4.212752069609451,-0.12218581,-2.103356,8.413424,2.212053,10.625477,8.413424,2.212053
4.25754498333481,-0.21543418,-2.0537655,8.215062,2.1089764,10.3240385,8.215062,2.1089764
4.302337897060056,-0.3061741,-1.9916834,7.9667335,1.9834013,9.950134,7.9667335,1.9834013
4.347202364960594,-0.3939984,-1.9221544,7.6886177,1.8473388,9.535956,7.6886177,1.8473388
4.391995278685954,-0.4785145,-1.8456854,7.3827415,1.7032772,9.086019,7.3827415,1.7032772
4.4367881924112,-0.55934566,-1.7594082,7.037633,1.5477587,8.585392,7.037633,1.5477587
4.481581106136446,-0.63613254,-1.6640643,6.656257,1.384555,8.0408125,6.656257,1.384555
4.526445574037098,-0.7085341,-1.562499,6.249996,1.2207017,7.470698,6.249996,1.2207017
4.57123848776223,-0.77622944,-1.4543478,5.8173914,1.0575638,6.874955,5.8173914,1.0575638
4.616102955662768,-0.838919,-1.3394139,5.3576555,0.8970148,6.25467,5.3576555,0.8970148
4.660895869388128,-0.89632607,-1.2198304,4.8793216,0.7439931,5.623315,4.8793216,0.7439931
4.705688783113374,-0.9481985,-1.0937393,4.374957,0.5981328,4.9730897,4.374957,0.5981328
4.750481696838733,-0.9943096,-0.96223193,3.8489277,0.46294513,4.311873,3.8489277,0.46294513
4.795346164739271,-1.0344601,-0.82714623,3.308585,0.34208545,3.6506703,3.308585,0.34208545
4.840139078464631,-1.0684791,-0.6894514,2.7578056,0.23767161,2.9954772,2.7578056,0.23767161
4.884931992189763,-1.0962251,-0.54784954,2.1913981,0.15006955,2.3414676,2.1913981,0.15006955
4.9297964600903015,-1.1175876,-0.40433398,1.6173359,0.08174298,1.6990789,1.6173359,0.08174298
4.974589373815547,-1.1324869,-0.25995594,1.0398238,0.033788547,1.0736123,1.0398238,0.033788547
5.019382287540907,-1.1408759,-0.114472024,0.4578881,0.0065519223,0.46444002,0.4578881,0.0065519223
5.064246755441445,-1.1427398,0.031122385,-0.12448954,-0.00048430142,-0.12497384,0.12448954,0.00048430142
5.109039669166805,-1.138096,0.17574841,-0.70299363,-0.015443752,-0.7184374,0.70299363,0.015443752
5.153832582892051,-1.1269952,0.31861287,-1.2744515,-0.05075708,-1.3252085,1.2744515,0.05075708
5.198697050792589,-1.1095198,0.4592794,-1.8371176,-0.10546878,-1.9425863,1.8371176,0.10546878
5.243561518693127,-1.0857846,0.59836185,-2.3934474,-0.17901845,-2.572466,2.3934474,0.17901845
5.288282878243081,-1.0559349,0.7324742,-2.9298968,-0.26825923,-3.198156,2.9298968,0.26825923
5.333147346143619,-1.0201466,0.8623907,-3.4495628,-0.37185887,-3.8214216,3.4495628,0.37185887
5.3779402598689785,-0.97862446,0.98838603,-3.9535441,-0.48845348,-4.4419975,3.9535441,0.48845348
5.422733173594224,-0.9316012,1.1073297,-4.429319,-0.61308956,-5.0424085,4.429319,0.61308956
5.467597641494763,-0.87933594,1.2212788,-4.885115,-0.7457609,-5.630876,4.885115,0.7457609
5.512390555220122,-0.8221126,1.3294232,-5.3176928,-0.883683,-6.201376,5.3176928,0.883683
5.557183468945368,-0.76023847,1.4283667,-5.7134666,-1.0201156,-6.7335825,5.7134666,1.0201156
5.602047936845906,-0.69404227,1.5210387,-6.0841546,-1.1567793,-7.240934,6.0841546,1.1567793
5.646840850571152,-0.62387264,1.6067935,-6.427174,-1.2908927,-7.7180667,6.427174,1.2908927
5.691633764296398,-0.55009633,1.6816425,-6.72657,-1.4139608,-8.140531,6.72657,1.4139608
5.736498232196936,-0.473096,1.7492387,-6.996955,-1.5299181,-8.526873,6.996955,1.5299181
5.781291145922296,-0.39326888,1.8091205,-7.236482,-1.6364585,-8.872941,7.236482,1.6364585
5.826084059647542,-0.31102446,1.8583977,-7.433591,-1.7268211,-9.160412,7.433591,1.7268211
5.870876973372901,-0.22678278,1.8966606,-7.5866423,-1.7986606,-9.385303,7.5866423,1.7986606
5.91574144127344,-0.14097255,1.926844,-7.707376,-1.8563639,-9.56374,7.707376,1.8563639
5.960534354998572,-0.054029025,1.9471848,-7.788739,-1.8957644,-9.684504,7.788739,1.8957644
6.005398822899224,0.033607826,1.9577312,-7.830925,-1.9163558,-9.747281,7.830925,1.9163558
6.05019173662447,0.12149541,1.9599388,-7.839755,-1.9206799,-9.760435,7.839755,1.9206799
6.094984650349716,0.20919056,1.9507127,-7.8028507,-1.90264,-9.705491,7.8028507,1.90264
6.139777564075075,0.29625162,1.9301478,-7.720591,-1.8627352,-9.583326,7.720591,1.8627352
6.1846420319756135,0.38224062,1.9013674,-7.6054697,-1.8075991,-9.413069,7.6054697,1.8075991
6.229434945700859,0.46672544,1.8645961,-7.4583845,-1.7383593,-9.196744,7.4583845,1.7383593
6.274227859426105,0.549282,1.8155254,-7.2621017,-1.6480663,-8.910168,7.2621017,1.6480663
6.319092327326757,0.62949675,1.7587208,-7.034883,-1.5465493,-8.581432,7.034883,1.5465493
6.363885241051889,0.7069685,1.6946238,-6.7784953,-1.4358749,-8.214371,6.7784953,1.4358749
6.408678154777249,0.78131104,1.6194181,-6.4776726,-1.3112576,-7.78893,6.4776726,1.3112576
6.453542622677787,0.8521555,1.5373534,-6.1494136,-1.1817278,-7.3311415,6.1494136,1.1817278
6.498335536403033,0.9191521,1.4490805,-5.796322,-1.0499171,-6.846239,5.796322,1.0499171
6.543128450128393,0.9819726,1.3514506,-5.4058022,-0.9132093,-6.3190117,5.4058022,0.9132093
6.587992918028931,1.0403123,1.2482152,-4.992861,-0.7790206,-5.7718816,4.992861,0.7790206
6.632785831754177,1.0938917,1.140207,-4.560828,-0.65003604,-5.210864,4.560828,0.65003604
6.677578745479423,1.1424587,1.0250823,-4.1003294,-0.5253969,-4.625726,4.1003294,0.5253969
6.722443213380075,1.1857895,0.9059255,-3.623702,-0.41035053,-4.0340524,3.623702,0.41035053
6.767236127105207,1.2236902,0.78370416,-3.1348166,-0.3070961,-3.4419127,3.1348166,0.3070961
6.812029040830566,1.2559983,0.656963,-2.627852,-0.21580018,-2.8436522,2.627852,0.21580018
6.856893508731105,1.2825825,0.52797395,-2.1118958,-0.13937825,-2.251274,2.1118958,0.13937825
6.901686422456464,1.3033442,0.3977736,-1.5910944,-0.07911192,-1.6702063,1.5910944,0.07911192
6.94647933618171,1.3182174,0.26583084,-1.0633234,-0.03533302,-1.0986564,1.0633234,0.03533302
6.991343804082248,1.3271685,0.13349651,-0.53398603,-0.008910659,-0.5428967,0.53398603,0.008910659
7.036136717807608,1.3301958,0.001801729,-0.007206916,-1.6231137e-06,-0.007208539,0.007206916,1.6231137e-06
7.08092963153274,1.3273299,-0.12887509,0.51550037,0.008304395,0.5238048,0.51550037,0.008304395
7.125794099433392,1.3186319,-0.2581651,1.0326604,0.033324607,1.065985,1.0326604,0.033324607
7.170587013158638,1.3041927,-0.38510826,1.540433,0.07415418,1.6145872,1.540433,0.07415418
7.215379926883884,1.2841316,-0.5084734,2.0338936,0.1292726,2.1631663,2.0338936,0.1292726
7.260244394784422,1.2585956,-0.6288781,2.5155125,0.19774385,2.7132564,2.5155125,0.19774385
7.305037308509782,1.2277566,-0.74547935,2.9819174,0.27786973,3.259787,2.9819174,0.27786973
7.349830222235028,1.1918112,-0.85627556,3.4251022,0.3666039,3.791706,3.4251022,0.3666039
7.394694690135566,1.1509775,-0.9628235,3.851294,0.46351457,4.314809,3.851294,0.46351457
7.4394876038609254,1.1054945,-1.0644265,4.257706,0.5665019,4.8242083,4.257706,0.5665019
7.484280517586058,1.05562,-1.159406,4.637624,0.6721111,5.309735,4.637624,0.6721111
7.529073431311417,1.0016282,-1.2470253,4.988101,0.777536,5.765637,4.988101,0.777536
7.5739378992119555,0.943809,-1.3291519,5.3166075,0.88332236,6.1999297,5.3166075,0.88332236
7.618730812937201,0.88246566,-1.405306,5.621224,0.98744243,6.6086664,5.621224,0.98744243
7.663523726662561,0.8179135,-1.4720854,5.8883414,1.0835177,6.971859,5.8883414,1.0835177
7.708388194563099,0.7504779,-1.5327704,6.1310816,1.1746925,7.305774,6.1310816,1.1746925
7.753181108288345,0.68049353,-1.5870324,6.3481297,1.259336,7.6074657,6.3481297,1.259336
7.797974022013591,0.6083023,-1.6310798,6.524319,1.3302107,7.85453,6.524319,1.3302107
7.842838489914129,0.5342524,-1.6686637,6.674655,1.3922193,8.0668745,6.674655,1.3922193
7.887631403639375,0.45869687,-1.6995996,6.7983985,1.4443195,8.242718,6.7983985,1.4443195
7.932424317364735,0.38199237,-1.7198571,6.8794284,1.4789542,8.358382,6.8794284,1.4789542
7.977288785265273,0.30449793,-1.733483,6.933932,1.5024816,8.436414,6.933932,1.5024816
8.022081698990519,0.2265737,-1.7404331,6.9617324,1.5145537,8.476286,6.9617324,1.5145537
8.066874612715878,0.14857979,-1.7366056,6.9464226,1.5078995,8.454322,6.9464226,1.5078995
8.111739080616417,0.07087485,-1.7261716,6.9046865,1.4898342,8.394521,6.9046865,1.4898342
8.156531994341663,-0.0061850697,-1.7092302,6.8369207,1.4607339,8.297655,6.8369207,1.4607339
8.201324908066908,-0.08224795,-1.6817847,6.727139,1.4142,8.141339,6.727139,1.4142
8.246189375967447,-0.15696715,-1.6479672,6.591869,1.357898,7.949767,6.591869,1.357898
8.290982289692693,-0.23000288,-1.6080272,6.432109,1.2928758,7.7249846,6.432109,1.2928758
8.335775203418052,-0.3010236,-1.5582503,6.233001,1.214072,7.447073,6.233001,1.214072
8.38063967131859,-0.3697076,-1.5025742,6.010297,1.1288646,7.1391616,6.010297,1.1288646
8.425432585043836,-0.43574452,-1.4414015,5.765606,1.0388191,6.8044252,5.765606,1.0388191
8.470225498769196,-0.49883676,-1.3714648,5.4858594,0.94045794,6.426317,5.4858594,0.94045794
8.515089966669734,-0.55870116,-1.2963583,5.1854334,0.8402725,6.025706,5.1854334,0.8402725
8.559882880394866,-0.6150703,-1.2166308,4.8665233,0.74009526,5.6066184,4.8665233,0.74009526
8.604675794120226,-0.66769403,-1.1296012,4.518405,0.6379995,5.1564045,4.518405,0.6379995
8.649540262020764,-0.7163409,-1.0383816,4.1535263,0.5391182,4.6926446,4.1535263,0.5391182
8.69433317574601,-0.76079917,-0.9436449,3.7745795,0.44523284,4.2198124,3.7745795,0.44523284
8.73912608947137,-0.8008781,-0.8434007,3.3736029,0.35566238,3.7292652,3.3736029,0.35566238
8.783990557371908,-0.8364089,-0.7401514,2.9606056,0.27391204,3.2345176,2.9606056,0.27391204
8.828783471097267,-0.86724555,-0.63465834,2.5386333,0.2013956,2.7400289,2.5386333,0.2013956
8.8735763848224,-0.8932653,-0.52602166,2.1040866,0.1383494,2.242436,2.1040866,0.1383494
8.91836929854776,-0.91436964,-0.41521066,1.6608427,0.08619995,1.7470427,1.6608427,0.08619995
8.963233766448298,-0.930484,-0.3031633,1.2126532,0.04595399,1.2586071,1.2126532,0.04595399
9.008026680173543,-0.9415585,-0.19069384,0.76277536,0.01818207,0.78095746,0.76277536,0.01818207
9.052819593898903,-0.94756746,-0.077621154,0.31048462,0.003012522,0.31349713,0.31048462,0.003012522
9.097684061799441,-0.9485097,0.03533114,-0.14132456,-0.00062414474,-0.14194871,0.14132456,0.00062414474
9.142476975524687,-0.9444078,0.1473632,-0.5894528,-0.0108579565,-0.60031074,0.5894528,0.0108579565
9.187269889250047,-0.93530804,0.2578754,-1.0315017,-0.033249862,-1.0647515,1.0315017,0.033249862
9.232134357150585,-0.92127955,0.36697367,-1.4678947,-0.06733484,-1.5352296,1.4678947,0.06733484
9.276927270875717,-0.9024139,0.47390527,-1.8956211,-0.1122931,-2.007914,1.8956211,0.1122931
9.321720184601077,-0.87882435,0.5773278,-2.3093112,-0.1666537,-2.4759648,2.3093112,0.1666537
9.366584652501615,-0.85064495,0.67815596,-2.7126238,-0.22994775,-2.9425716,2.7126238,0.22994775
9.41137756622686,-0.8180298,0.7757108,-3.1028433,-0.30086365,-3.403707,3.1028433,0.30086365
9.45617047995222,-0.78115225,0.8679667,-3.4718668,-0.37668312,-3.8485498,3.4718668,0.37668312
9.501034947852759,-0.7402038,0.9565876,-3.8263505,-0.45752993,-4.28388,3.8263505,0.45752993
9.545827861578005,-0.6953934,1.0409842,-4.1639366,-0.541824,-4.7057605,4.1639366,0.541824
9.59062077530325,-0.6469464,1.118532,-4.474128,-0.6255568,-5.0996847,4.474128,0.6255568
9.635485243203902,-0.59510344,1.1915549,-4.7662196,-0.7099016,-5.476121,4.7662196,0.7099016
9.680278156929035,-0.5401198,1.2595649,-5.0382595,-0.7932518,-5.8315115,5.0382595,0.7932518
9.725071070654394,-0.48226428,1.3194462,-5.277785,-0.87046915,-6.148254,5.277785,0.87046915
9.769935538554932,-0.42181775,1.3740703,-5.496281,-0.9440346,-6.4403157,5.496281,0.9440346
9.814728452280178,-0.35907257,1.4230658,-5.692263,-1.0125581,-6.704821,5.692263,1.0125581
9.859521366005538,-0.29433122,1.4629589,-5.8518357,-1.0701244,-6.92196,5.8518357,1.0701244
9.904385833906076,-0.22790498,1.4970406,-5.9881625,-1.1205653,-7.108728,5.9881625,1.1205653
9.949178747631322,-0.16011283,1.5250744,-6.1002975,-1.162926,-7.2632236,6.1002975,1.162926
9.993971661356568,-0.091279924,1.5433829,-6.1735315,-1.1910154,-7.364547,6.1735315,1.1910154
10.03883612925722,-0.021736206,1.5555421,-6.2221684,-1.2098557,-7.432024,6.2221684,1.2098557
10.083629042982352,0.048185132,1.561469,-6.245876,-1.2190926,-7.4649687,6.245876,1.2190926
10.128421956707712,0.11814928,1.5574512,-6.229805,-1.2128272,-7.442632,6.229805,1.2128272
10.17328642460825,0.1878215,1.5472094,-6.1888375,-1.1969284,-7.385766,6.1888375,1.1969284
10.218079338333496,0.25686884,1.5308278,-6.123311,-1.1717168,-7.2950277,6.123311,1.1717168
10.262872252058855,0.32496196,1.50591,-6.02364,-1.1338825,-7.1575227,6.02364,1.1338825
10.307665165783988,0.39177704,1.4726973,-5.890789,-1.0844187,-6.975208,5.890789,1.0844187
10.35252963368464,0.45699742,1.4336325,-5.73453,-1.0276511,-6.7621813,5.73453,1.0276511
10.397322547409885,0.52031565,1.3890328,-5.5561314,-0.9647061,-6.5208373,5.5561314,0.9647061
10.442115461135131,0.5814351,1.3357548,-5.343019,-0.89212036,-6.2351394,5.343019,0.89212036
10.48697992903567,0.6400718,1.277271,-5.109084,-0.81571066,-5.9247947,5.109084,0.81571066
10.531772842761029,0.6959561,1.2140579,-4.8562317,-0.73696834,-5.5932,4.8562317,0.73696834
10.576565756486389,0.7488342,1.1434487,-4.573795,-0.6537375,-5.2275324,4.573795,0.6537375
10.621430224386927,0.7984694,1.0685574,-4.2742295,-0.5709074,-4.845137,4.2742295,0.5709074
10.666223138112173,0.84464365,0.9899895,-3.959958,-0.49003962,-4.449998,3.959958,0.49003962
10.711016051837419,0.88715845,0.9056511,-3.6226044,-0.41010195,-4.0327063,3.6226044,0.41010195
10.75588051973807,0.9258357,0.8181602,-3.2726407,-0.33469304,-3.6073337,3.2726407,0.33469304
10.800673433463203,0.96051884,0.7282092,-2.9128368,-0.26514432,-3.1779811,2.9128368,0.26514432
10.845466347188562,0.99107295,0.6343412,-2.5373647,-0.20119436,-2.738559,2.5373647,0.20119436
10.8903308150891,1.0173854,0.53856224,-2.154249,-0.14502464,-2.2992735,2.154249,0.14502464
10.935123728814347,1.0393659,0.44160324,-1.766413,-0.09750671,-1.8639197,1.766413,0.09750671
10.979916642539706,1.0569468,0.34268,-1.37072,-0.058714792,-1.4294348,1.37072,0.058714792
11.024781110440244,1.0700825,0.24310498,-0.9724199,-0.029550016,-1.0019699,0.9724199,0.029550016
11.06957402416549,1.07875,0.14360471,-0.57441884,-0.0103111565,-0.58473,0.57441884,0.0103111565
11.114366937890736,1.0829475,0.044077385,-0.17630954,-0.0009714079,-0.17728095,0.17630954,0.0009714079
11.159231405791274,1.0826948,-0.05490236,0.21960944,0.0015071345,0.22111657,0.21960944,0.0015071345
11.20402431951652,1.0780321,-0.15264264,0.61057055,0.011649887,0.62222046,0.61057055,0.011649887
11.24881723324188,1.0690202,-0.24857853,0.99431413,0.030895643,1.0252098,0.99431413,0.030895643
11.293681701142418,1.0557384,-0.34287325,1.371493,0.05878103,1.430274,1.371493,0.05878103
11.338474614867664,1.0382857,-0.43488732,1.7395493,0.09456349,1.8341128,1.7395493,0.09456349
11.383267528593024,1.0167787,-0.52342135,2.0936854,0.13698496,2.2306705,2.0936854,0.13698496
11.428131996493562,0.99135095,-0.6093381,2.4373524,0.18564646,2.622999,2.4373524,0.18564646
11.472924910218694,0.96215314,-0.6920702,2.7682807,0.23948057,3.0077612,2.7682807,0.23948057
11.517717823944054,0.9293513,-0.7698304,3.0793216,0.29631943,3.375641,3.0793216,0.29631943
11.562582291844592,0.8931268,-0.84411776,3.376471,0.3562674,3.7327385,3.376471,0.3562674
11.607375205569838,0.8536751,-0.9144433,3.6577733,0.41810328,4.0758767,3.6577733,0.41810328
11.652168119295197,0.8112056,-0.97934014,3.9173605,0.47955355,4.396914,3.9173605,0.47955355
11.696961033020443,0.7659401,-1.0382756,4.1531024,0.5390081,4.6921105,4.1531024,0.5390081
11.741825500920982,0.7181126,-1.0927814,4.3711257,0.5970856,4.968211,4.3711257,0.5970856
11.786618414646341,0.66796803,-1.1424904,4.5699615,0.65264213,5.222604,4.5699615,0.65264213
11.831411328371473,0.61576164,-1.1845915,4.738366,0.70162857,5.439995,4.738366,0.70162857
11.876275796272012,0.5617579,-1.2217036,4.8868146,0.7462799,5.6330943,4.8868146,0.7462799
11.921068709997371,0.50622946,-1.2535709,5.0142837,0.78572,5.8000035,5.0142837,0.78572
11.965861623722617,0.44945574,-1.2771498,5.108599,0.8155558,5.924155,5.108599,0.8155558
12.010726091623155,0.39172217,-1.2953569,5.1814275,0.8389747,6.020402,5.1814275,0.8389747
12.055519005348515,0.33331865,-1.3080655,5.232262,0.85551775,6.08778,5.232262,0.85551775
12.10031191907376,0.27453804,-1.3121476,5.2485905,0.8608657,6.109456,5.2485905,0.8608657
12.145176386974299,0.21567495,-1.3106999,5.2427998,0.8589672,6.101767,5.2427998,0.8589672
12.189969300699545,0.15702392,-1.3037426,5.2149706,0.84987247,6.064843,5.2149706,0.84987247
12.23476221442479,0.09887809,-1.2882144,5.152858,0.8297482,5.982606,5.152858,0.8297482
12.279626682325329,0.041527405,-1.2672633,5.069053,0.8029781,5.872031,5.069053,0.8029781
12.324419596050689,-0.014742993,-1.2410644,4.9642577,0.77012044,5.7343783,4.9642577,0.77012044
12.369212509776048,-0.06965438,-1.2067702,4.8270807,0.72814715,5.5552278,4.8270807,0.72814715
12.414076977676473,-0.12293611,-1.1674433,4.669773,0.68146193,5.351235,4.669773,0.68146193
12.458869891401832,-0.17432718,-1.1234103,4.4936414,0.6310254,5.1246667,4.4936414,0.6310254
12.503662805126964,-0.22357775,-1.072163,4.288652,0.57476676,4.8634186,4.288652,0.57476676
12.54852727302773,-0.2704506,-1.0165431,4.0661726,0.51668,4.5828524,4.0661726,0.51668
12.593320186752862,-0.3147224,-0.95700884,3.8280354,0.45793295,4.2859683,3.8280354,0.45793295
12.638113100478222,-0.35618502,-0.8914941,3.5659764,0.39738086,3.9633572,3.5659764,0.39738086
12.68297756837876,-0.39464653,-0.822488,3.289952,0.33824328,3.6281953,3.289952,0.33824328
12.727770482104006,-0.42993212,-0.75054884,3.0021954,0.28166178,3.283857,3.0021954,0.28166178
12.772563395829366,-0.46188506,-0.674129,2.696516,0.22722496,2.923741,2.696516,0.22722496
12.817427863729904,-0.49036714,-0.5952505,2.381002,0.17716157,2.5581636,2.381002,0.17716157
12.86222077745515,-0.5152593,-0.5145323,2.0581293,0.13237175,2.190501,2.0581293,0.13237175
12.907013691180396,-0.53646195,-0.43099603,1.7239841,0.09287879,1.816863,1.7239841,0.09287879
12.951878159081048,-0.55389524,-0.34610736,1.3844295,0.059895154,1.4443246,1.3844295,0.059895154
12.99667107280618,-0.5674991,-0.26050884,1.0420353,0.033932425,1.0759678,1.0420353,0.033932425
13.04146398653154,-0.57723314,-0.17388481,0.69553924,0.015117964,0.7106572,0.69553924,0.015117964
13.086256900256785,-0.5830767,-0.0870172,0.3480688,0.0037859967,0.3518548,0.3480688,0.0037859967
13.131121368157324,-0.58502865,-0.00026609626,0.001064385,3.5403612e-08,0.0010644204,0.001064385,3.5403612e-08
13.175914281882683,-0.58310676,0.08560052,-0.34240207,-0.0036637243,-0.3460658,0.34240207,0.0036637243
13.220778749783221,-0.5773478,0.17071626,-0.682865,-0.01457202,-0.69743705,0.682865,0.01457202
13.265571663508467,-0.56780684,0.25440505,-1.0176202,-0.032360964,-1.0499811,1.0176202,0.032360964
13.310364577233713,-0.5545567,0.33620274,-1.344811,-0.05651614,-1.4013271,1.344811,0.05651614
13.355157490958959,-0.53768784,0.41540235,-1.6616094,-0.086279556,-1.7478889,1.6616094,0.086279556
13.400021958859497,-0.5173073,0.4924834,-1.9699336,-0.121269956,-2.0912037,1.9699336,0.121269956
13.444814872584857,-0.49353853,0.5669052,-2.2676208,-0.16069075,-2.4283116,2.2676208,0.16069075
13.489607786310103,-0.4665206,0.63716,-2.54864,-0.20298643,-2.7516265,2.54864,0.20298643
13.534472254210641,-0.43640757,0.7044328,-2.8177311,-0.24811277,-3.0658438,2.8177311,0.24811277
13.579265167936,-0.40336776,0.7682514,-3.0730057,-0.29510513,-3.368111,3.0730057,0.29510513
13.624058081661133,-0.36758313,0.8266519,-3.3066075,-0.34167665,-3.6482842,3.3066075,0.34167665
13.668922549561785,-0.32924834,0.8813212,-3.5252848,-0.3883635,-3.9136484,3.5252848,0.3883635
13.71371546328703,-0.28857002,0.9318721,-3.7274885,-0.43419284,-4.161681,3.7274885,0.43419284
13.758508377012276,-0.2457658,0.9759786,-3.9039145,-0.47626713,-4.380182,3.9039145,0.47626713
13.803372844912815,-0.20106341,1.015745,-4.06298,-0.515869,-4.5788493,4.06298,0.515869
13.848165758638174,-0.15469953,1.050888,-4.203552,-0.55218273,-4.7557344,4.203552,0.55218273
13.89295867236342,-0.106918745,1.0788347,-4.3153386,-0.5819421,-4.8972807,4.3153386,0.5819421
13.937823140263959,-0.05797231,1.1020107,-4.408043,-0.6072138,-5.015257,4.408043,0.6072138
13.982616053989318,-0.008116927,1.1202543,-4.481017,-0.6274848,-5.108502,4.481017,0.6274848
14.02740896771445,0.0423866,1.130874,-4.523496,-0.63943803,-5.1629343,4.523496,0.63943803
14.072273435614989,0.093274765,1.1355997,-4.542399,-0.6447934,-5.1871924,4.542399,0.6447934
14.11713790351564,0.14428276,1.1371359,-4.5485435,-0.646539,-5.1950827,4.5485435,0.646539
14.161859263065594,0.19514596,1.1309881,-4.5239525,-0.6395671,-5.1635194,4.5239525,0.6395671
14.206723730966132,0.24560145,1.1180617,-4.4722466,-0.62503093,-5.0972776,4.4722466,0.62503093
14.251516644691492,0.29538938,1.1012146,-4.4048586,-0.60633683,-5.011195,4.4048586,0.60633683
14.296309558416851,0.34425467,1.0769981,-4.3079925,-0.5799625,-4.8879547,4.3079925,0.5799625
14.34117402631739,0.39194822,1.0481201,-4.1924806,-0.5492779,-4.7417583,4.1924806,0.5492779
14.385966940042636,0.43822852,1.0148325,-4.05933,-0.5149425,-4.5742726,4.05933,0.5149425
14.430759853767881,0.48286283,0.97485787,-3.8994315,-0.47517392,-4.374605,3.8994315,0.47517392
14.475624321668306,0.5256286,0.9307492,-3.7229967,-0.433147,-4.1561437,3.7229967,0.433147
14.520417235393666,0.5663146,0.8828758,-3.5315032,-0.38973483,-3.921238,3.5315032,0.38973483
14.565210149119025,0.6047218,0.82931495,-3.3172598,-0.34388164,-3.6611414,3.3172598,0.34388164
14.610074617019563,0.64066476,0.7723434,-3.0893736,-0.29825717,-3.3876307,3.0893736,0.29825717
14.65486753074481,0.6739722,0.7124228,-2.8496912,-0.25377312,-3.1034644,2.8496912,0.25377312
14.699660444470169,0.70448774,0.64852196,-2.5940878,-0.21029037,-2.8043783,2.5940878,0.21029037
14.744453358195301,0.73207057,0.58125,-2.325,-0.16892579,-2.4939258,2.325,0.16892579
14.78931782609584,0.75659615,0.5117322,-2.046929,-0.13093494,-2.1778638,2.046929,0.13093494
14.834110739821199,0.7779561,0.44021174,-1.760847,-0.09689319,-1.8577402,1.760847,0.09689319
14.878975207721737,0.79605913,0.36661017,-1.4664407,-0.06720151,-1.5336422,1.4664407,0.06720151
14.923768121446983,0.8108307,0.29194662,-1.1677865,-0.042616416,-1.2104028,1.1677865,0.042616416
14.968561035172343,0.8222134,0.21583888,-0.8633555,-0.02329321,-0.8866487,0.8633555,0.02329321
15.013353948897588,0.8301668,0.13896991,-0.55587965,-0.009656318,-0.56553596,0.55587965,0.009656318
15.058218416798127,0.83466756,0.061754026,-0.2470161,-0.0019067798,-0.24892288,0.2470161,0.0019067798
15.103011330523373,0.83570904,-0.0152501585,0.061000634,0.00011628367,0.06111692,0.061000634,0.00011628367
15.147804244248618,0.83330137,-0.091821834,0.36728734,0.0042156246,0.37150297,0.36728734,0.0042156246
15.192668712149157,0.8274711,-0.16781586,0.67126346,0.014081082,0.6853445,0.67126346,0.014081082
15.237461625874516,0.81826085,-0.24244197,0.96976787,0.029389054,0.99915695,0.96976787,0.029389054
15.282326093775055,0.8057291,-0.3158278,1.2633111,0.049873594,1.3131847,1.2633111,0.049873594
15.3271190075003,0.7899498,-0.38753006,1.5501202,0.075089775,1.62521,1.5501202,0.075089775
15.37191192122566,0.7710119,-0.45689,1.82756,0.10437423,1.9319341,1.82756,0.10437423
15.416704834950906,0.7490189,-0.52331185,2.0932474,0.13692765,2.230175,2.0932474,0.13692765
15.461569302851444,0.7240885,-0.5874761,2.3499043,0.17256407,2.5224683,2.3499043,0.17256407
15.50636221657669,0.6963519,-0.6489318,2.5957272,0.21055624,2.8062835,2.5957272,0.21055624
15.551155130301936,0.6659534,-0.7060028,2.824011,0.24921995,3.073231,2.824011,0.24921995
15.596019598202474,0.6330496,-0.7600978,3.0403912,0.28887433,3.3292656,3.0403912,0.28887433
15.640812511927834,0.59780884,-0.8108333,3.243333,0.3287253,3.5720584,3.243333,0.3287253
15.68560542565308,0.56041044,-0.8561713,3.4246852,0.36651465,3.7912,3.4246852,0.36651465
15.730469893553618,0.5210437,-0.8979281,3.5917125,0.40313745,3.99485,3.5917125,0.40313745
15.775262807278978,0.47990748,-0.9358062,3.7432249,0.43786663,4.1810913,3.7432249,0.43786663
15.82005572100411,0.43720874,-0.967499,3.869996,0.46802717,4.338023,3.869996,0.46802717
15.864920188904762,0.393162,-0.99515116,3.9806046,0.4951629,4.4757676,3.9806046,0.4951629
15.909713102630008,0.347988,-1.0185683,4.074273,0.51874065,4.593014,4.074273,0.51874065
15.954506016355253,0.30191272,-1.0352837,4.1411347,0.53590614,4.677041,4.1411347,0.53590614
15.999370484255792,0.25516623,-1.047678,4.190712,0.5488146,4.7395267,4.190712,0.5488146
16.04416339798115,0.20798148,-1.055671,4.222684,0.5572206,4.7799044,4.222684,0.5572206
16.08895631170651,0.16059308,-1.0575935,4.230374,0.55925196,4.7896256,4.230374,0.55925196
16.133749225431643,0.1132361,-1.0534413,4.213765,0.5548693,4.7686343,4.213765,0.5548693
16.178613693332295,0.06614484,-1.0449096,4.1796384,0.54591805,4.7255564,4.1796384,0.54591805
16.223406607057427,0.019551562,-1.0312685,4.125074,0.53175735,4.6568313,4.125074,0.53175735
16.268271074958193,-0.026314713,-1.012516,4.050064,0.51259434,4.5626583,4.050064,0.51259434
16.313063988683325,-0.071229376,-0.98965085,3.9586034,0.4897044,4.448308,3.9586034,0.4897044
16.357856902408685,-0.1149734,-0.9611458,3.8445833,0.46190065,4.3064837,3.8445833,0.46190065
16.40264981613393,-0.15733442,-0.92727464,3.7090986,0.42991912,4.1390176,3.7090986,0.42991912
16.44751428403447,-0.19810778,-0.8896128,3.5584512,0.39570546,3.9541566,3.5584512,0.39570546
16.49230719775983,-0.23709752,-0.848455,3.39382,0.35993797,3.753758,3.39382,0.35993797
16.53710011148496,-0.27411732,-0.8019111,3.2076445,0.32153073,3.5291753,3.2076445,0.32153073
16.581964579385613,-0.30899125,-0.7521268,3.0085073,0.28284737,3.2913547,3.0085073,0.28284737
16.62675749311086,-0.34155464,-0.6994797,2.7979188,0.24463592,3.0425546,2.7979188,0.24463592
16.671550406836104,-0.37165472,-0.6424556,2.5698223,0.20637459,2.776197,2.5698223,0.20637459
16.716414874736643,-0.3991513,-0.5828655,2.331462,0.16986609,2.501328,2.331462,0.16986609
16.761207788462002,-0.4239172,-0.5211491,2.0845964,0.13579819,2.2203946,2.0845964,0.13579819
16.806000702187248,-0.44583887,-0.45622864,1.8249146,0.10407229,1.9289869,1.8249146,0.10407229
16.850865170087786,-0.46481672,-0.3895038,1.5580152,0.07585661,1.6338718,1.5580152,0.07585661
16.895658083813146,-0.48076555,-0.32145792,1.2858317,0.051667597,1.3374993,1.2858317,0.051667597
16.940450997538278,-0.4936148,-0.25149328,1.0059731,0.031624433,1.0375975,1.0059731,0.031624433
16.98531546543893,-0.5033087,-0.1805415,0.722166,0.016297616,0.73846364,0.722166,0.016297616
17.030108379164176,-0.50980675,-0.10911238,0.43644953,0.005952756,0.44240227,0.43644953,0.005952756
17.07490129288942,-0.51308364,-0.037114453,0.14845781,0.0006887413,0.14914656,0.14845781,0.0006887413
17.11976576078996,-0.5131292,0.035022877,-0.14009151,-0.00061330094,-0.14070481,0.14009151,0.00061330094
17.16455867451532,-0.50994873,0.10678171,-0.42712685,-0.005701167,-0.432828,0.42712685,0.005701167
17.209351588240565,-0.50356305,0.17773949,-0.71095794,-0.015795663,-0.7267536,0.71095794,0.015795663
17.254216056141104,-0.49400803,0.2479811,-0.9919244,-0.030747313,-1.0226717,0.9919244,0.030747313
17.299008969866463,-0.48133472,0.31700116,-1.2680047,-0.050244868,-1.3182495,1.2680047,0.050244868
17.343801883591595,-0.46560922,0.3838809,-1.5355237,-0.07368228,-1.609206,1.5355237,0.07368228
17.388666351492134,-0.44691226,0.44920877,-1.7968351,-0.10089426,-1.8977293,1.7968351,0.10089426
17.433459265217493,-0.42533898,0.5125114,-2.0500455,-0.13133395,-2.1813793,2.0500455,0.13133395
17.47825217894274,-0.4009985,0.57291985,-2.2916794,-0.16411857,-2.455798,2.2916794,0.16411857
17.5230450926681,-0.37401348,0.6298988,-2.5195951,-0.19838624,-2.7179813,2.5195951,0.19838624
17.567909560568637,-0.3445195,0.6843034,-2.7372136,-0.23413557,-2.9713492,2.7372136,0.23413557
17.612702474293883,-0.31266448,0.7344882,-2.9379528,-0.26973644,-3.2076893,2.9379528,0.26973644
17.657638496369714,-0.27860796,0.78247535,-3.1299014,-0.30613384,-3.4360352,3.1299014,0.30613384
17.702359855919667,-0.24252032,0.82694316,-3.3077726,-0.34191748,-3.6496902,3.3077726,0.34191748
17.747152769644913,-0.20458189,0.86551917,-3.4620767,-0.37456173,-3.8366385,3.4620767,0.37456173
17.791945683370272,-0.16498207,0.8996624,-3.5986495,-0.4046962,-4.0033455,3.5986495,0.4046962
17.83681015127081,-0.12391828,0.93008775,-3.720351,-0.4325316,-4.1528826,3.720351,0.4325316
17.881603064996057,-0.08159495,0.9565785,-3.826314,-0.4575212,-4.2838354,3.826314,0.4575212
17.926395978721416,-0.038222402,0.97680765,-3.9072306,-0.4770766,-4.3843074,3.9072306,0.4770766
17.971260446621955,0.0059842826,0.9930014,-3.9720056,-0.4930259,-4.4650316,3.9720056,0.4930259
18.016053360347314,0.050806407,1.0050536,-4.0202146,-0.5050664,-4.525281,4.0202146,0.5050664
18.060846274072446,0.096022844,1.0105654,-4.0422616,-0.5106212,-4.5528827,4.0422616,0.5106212
18.105710741972985,0.14141122,1.0119221,-4.0476885,-0.51199317,-4.559682,4.0476885,0.51199317
18.150503655698344,0.1867491,1.0091317,-4.0365267,-0.5091734,-4.5457,4.0365267,0.5091734
18.19529656942359,0.23181511,0.9998277,-3.9993107,-0.49982768,-4.4991384,3.9993107,0.49982768
18.24016103732413,0.27639014,0.9864469,-3.9457877,-0.48653877,-4.4323263,3.9457877,0.48653877
18.284953951049488,0.32025838,0.969107,-3.876428,-0.46958417,-4.346012,3.876428,0.46958417
18.329746864774734,0.36320838,0.9455742,-3.782297,-0.4470553,-4.229352,3.782297,0.4470553
18.374611332675272,0.40503418,0.9182264,-3.6729057,-0.42156988,-4.0944757,3.6729057,0.42156988
18.419404246400518,0.44553617,0.88728064,-3.5491226,-0.39363346,-3.942756,3.5491226,0.39363346
18.464197160125764,0.48452196,0.85072833,-3.4029133,-0.36186934,-3.7647827,3.4029133,0.36186934
18.509061628026302,0.52180743,0.81078166,-3.2431266,-0.32868344,-3.57181,3.2431266,0.32868344
18.55385454175166,0.5572174,0.76774347,-3.0709739,-0.29471502,-3.3656888,3.0709739,0.29471502
18.598647455476907,0.59058636,0.7199131,-2.8796525,-0.25913745,-3.13879,2.8796525,0.25913745
18.643511923377446,0.62175936,0.66924,-2.67696,-0.22394109,-2.900901,2.67696,0.22394109
18.688304837102805,0.6505923,0.61609817,-2.4643927,-0.18978848,-2.6541812,2.4643927,0.18978848
18.733097750827937,0.676953,0.5591642,-2.236657,-0.15633231,-2.3929892,2.236657,0.15633231
18.77796221872859,0.7007213,0.5000446,-2.0001783,-0.12502229,-2.1252007,2.0001783,0.12502229
18.822755132453835,0.72178996,0.43916878,-1.7566751,-0.09643461,-1.8531097,1.7566751,0.09643461
18.86754804617908,0.7400646,0.37564567,-1.5025827,-0.07055483,-1.5731375,1.5025827,0.07055483
18.91241251407962,0.75546473,0.3106744,-1.2426976,-0.04825929,-1.2909569,1.2426976,0.04825929
18.95720542780498,0.76792353,0.24472375,-0.978895,-0.029944858,-1.0088398,0.978895,0.029944858
19.001998341530225,0.7773885,0.17737488,-0.70949954,-0.015730925,-0.72523046,0.70949954,0.015730925
19.046862809430763,0.78382164,0.10937393,-0.4374957,-0.005981328,-0.44347703,0.4374957,0.005981328
19.091655723156123,0.78719956,0.041210223,-0.16484089,-0.0008491412,-0.16569003,0.16484089,0.0008491412
19.136448636881255,0.7875135,-0.027123738,0.10849495,0.00036784858,0.1088628,0.10849495,0.00036784858
19.181241550606615,0.78476965,-0.09502376,0.38009503,0.0045147575,0.3846098,0.38009503,0.0045147575
19.226106018507153,0.7789891,-0.16247472,0.6498989,0.013199017,0.6630979,0.6498989,0.013199017
19.2708989322324,0.7702074,-0.2289879,0.9159516,0.026217729,0.9421693,0.9159516,0.026217729
19.31569184595776,0.758475,-0.29385647,1.1754259,0.043175813,1.2186017,1.1754259,0.043175813
19.360556313858297,0.74385643,-0.3574634,1.4298536,0.06389004,1.4937437,1.4298536,0.06389004
19.405349227583542,0.7264303,-0.41934708,1.6773883,0.087925985,1.7653143,1.6773883,0.087925985
19.45014214130879,0.7062889,-0.47836286,1.9134514,0.11441551,2.0278668,1.9134514,0.11441551
19.49500660920944,0.6835374,-0.5353617,2.1414468,0.14330608,2.2847528,2.1414468,0.14330608
19.539799522934572,0.6582938,-0.5899338,2.3597353,0.17401095,2.5337462,2.3597353,0.17401095
19.584592436659932,0.6306877,-0.6405511,2.5622044,0.20515285,2.767357,2.5622044,0.20515285
19.62945690456047,0.6008602,-0.6884961,2.7539845,0.23701344,2.9909978,2.7539845,0.23701344
19.674249818285716,0.56896234,-0.7334314,2.9337256,0.2689608,3.2026863,2.9337256,0.2689608
19.719042732011076,0.5351551,-0.77351975,3.094079,0.2991664,3.3932455,3.094079,0.2991664
19.763907199911614,0.4996079,-0.8104178,3.241671,0.32838848,3.5700595,3.241671,0.32838848
19.808700113636974,0.46249777,-0.84387547,3.3755019,0.3560629,3.7315648,3.3755019,0.3560629
19.853493027362106,0.4240086,-0.8718307,3.4873228,0.3800444,3.8673673,3.4873228,0.3800444
19.898357495262758,0.38432992,-0.8962377,3.5849507,0.40162098,3.9865718,3.5849507,0.40162098
19.94315040898789,0.34365597,-0.916945,3.66778,0.42039406,4.088174,3.66778,0.42039406
19.98794332271325,0.30218464,-0.93175316,3.7270126,0.43408197,4.1610947,3.7270126,0.43408197
20.032807790613788,0.26011658,-0.9428275,3.77131,0.44446188,4.215772,3.77131,0.44446188
20.077600704339147,0.21765393,-0.9501156,3.8004625,0.45135984,4.2518225,3.8004625,0.45135984
20.122393618064393,0.17499968,-0.9513733,3.805493,0.45255557,4.2580485,3.805493,0.45255557
20.16725808596493,0.13235642,-0.9488779,3.7955115,0.4501846,4.245696,3.7955115,0.4501846
20.21205099969029,0.08992555,-0.94267243,3.7706897,0.44431564,4.2150054,3.7706897,0.44431564
20.256843913415423,0.047906328,-0.9305607,3.7222428,0.43297163,4.1552143,3.7222428,0.43297163
20.30170838131596,0.0064949905,-0.91482973,3.659319,0.41845673,4.0777755,3.659319,0.41845673
20.34650129504132,-0.034116086,-0.8956129,3.5824516,0.40106124,3.9835129,3.5824516,0.40106124
20.391294208766567,-0.07373923,-0.87084985,3.4833994,0.37918973,3.8625891,3.4833994,0.37918973
20.436158676667105,-0.112192236,-0.8427402,3.3709607,0.3551055,3.726066,3.3709607,0.3551055
20.480951590392465,-0.14929916,-0.811499,3.245996,0.32926533,3.5752614,3.245996,0.32926533
20.52574450411771,-0.18489105,-0.775288,3.101152,0.30053574,3.4016876,3.101152,0.30053574
20.57060897201825,-0.21880668,-0.7361285,2.944514,0.2709426,3.2154567,2.944514,0.2709426
20.61540188574361,-0.25089324,-0.69431037,2.7772415,0.24103345,3.018275,2.7772415,0.24103345
20.66019479946874,-0.28100705,-0.6482937,2.5931747,0.21014234,2.803317,2.5931747,0.21014234
20.70505926736928,-0.3090141,-0.5998432,2.3993728,0.17990594,2.5792787,2.3993728,0.17990594
20.74985218109464,-0.33479092,-0.5493151,2.1972604,0.15087354,2.348134,2.1972604,0.15087354
20.794645094819884,-0.35822496,-0.49588564,1.9835426,0.122951284,2.106494,1.9835426,0.122951284
20.839438008545244,-0.37921524,-0.44003266,1.7601306,0.09681437,1.856945,1.7601306,0.09681437
20.884302476445782,-0.39767304,-0.3825983,1.5303932,0.073190734,1.6035839,1.5303932,0.073190734
20.929095390171028,-0.41352212,-0.3237962,1.2951849,0.052421995,1.3476069,1.2951849,0.052421995
20.973959858071566,-0.42669946,-0.26354825,1.054193,0.03472884,1.0889219,1.054193,0.03472884
21.018752771796812,-0.4371555,-0.20265426,0.810617,0.020534374,0.8311514,0.810617,0.020534374
21.063545685522058,-0.4448544,-0.14085987,0.5634395,0.009920752,0.57336026,0.5634395,0.009920752
21.108338599247418,-0.44977453,-0.07872701,0.31490803,0.0030989707,0.318007,0.31490803,0.0030989707
21.153203067147956,-0.4519084,-0.01655071,0.06620284,0.000136963,0.066339806,0.06620284,0.000136963
21.197995980873202,-0.45126286,0.045200575,-0.1808023,-0.001021546,-0.18182385,0.1808023,0.001021546
21.24278889459856,-0.44785908,0.10625126,-0.42500505,-0.0056446656,-0.43064973,0.42500505,0.0056446656
21.2876533624991,-0.44173232,0.16653883,-0.66615534,-0.0138675915,-0.68002295,0.66615534,0.0138675915
21.332446276224232,-0.43293193,0.22561033,-0.9024413,-0.02545001,-0.9278913,0.9024413,0.02545001
21.37723918994959,-0.42152083,0.28277445,-1.1310978,-0.039980695,-1.1710784,1.1310978,0.039980695
21.42210365785013,-0.4075751,0.33841258,-1.3536503,-0.057261538,-1.4109119,1.3536503,0.057261538
21.466896571575376,-0.39118358,0.3921149,-1.5684596,-0.07687705,-1.6453366,1.5684596,0.07687705
21.511689485300735,-0.37244716,0.44281945,-1.7712778,-0.09804453,-1.8693223,1.7712778,0.09804453
21.556553953201274,-0.35147804,0.49133182,-1.9653273,-0.12070347,-2.0860307,1.9653273,0.12070347
21.60134686692652,-0.32839906,0.53730875,-2.149235,-0.14435035,-2.2935853,2.149235,0.14435035
21.64613978065188,-0.3033428,0.57937855,-2.3175142,-0.16783975,-2.485354,2.3175142,0.16783975
21.691004248552417,-0.27645063,0.6187294,-2.4749177,-0.19141304,-2.6663308,2.4749177,0.19141304
21.73579716227755,-0.24787189,0.6551015,-2.620406,-0.21457897,-2.8349848,2.620406,0.21457897
21.78059007600291,-0.21776283,0.6868826,-2.7475305,-0.23590386,-2.9834342,2.7475305,0.23590386
21.825454543903447,-0.18628569,0.71558046,-2.8623219,-0.2560277,-3.1183496,2.8623219,0.2560277
21.870247457628807,-0.15360776,0.74102557,-2.9641023,-0.27455944,-3.2386618,2.9641023,0.27455944
21.915040371354053,-0.1199003,0.7614401,-3.0457604,-0.2898955,-3.335656,3.0457604,0.2898955
21.95990483925459,-0.08533775,0.77857226,-3.114289,-0.30308738,-3.4173765,3.114289,0.30308738
22.00469775297995,-0.050096724,0.7923417,-3.1693668,-0.3139027,-3.4832695,3.1693668,0.3139027
22.049490666705083,-0.014355163,0.8008796,-3.2035184,-0.32070407,-3.5242224,3.2035184,0.32070407
22.094355134605735,0.021708468,0.8060851,-3.2243404,-0.3248866,-3.549227,3.2243404,0.3248866
22.13914804833098,0.057915997,0.80796033,-3.2318413,-0.32639995,-3.5582414,3.2318413,0.32639995
22.183940962056226,0.09409026,0.8052593,-3.2210371,-0.32422125,-3.5452585,3.2210371,0.32422125
22.228733875781586,0.13005581,0.79803807,-3.1921523,-0.3184324,-3.5105846,3.1921523,0.3184324
22.273598343682124,0.16563956,0.78760755,-3.1504302,-0.3101628,-3.460593,3.1504302,0.3101628
22.31839125740737,0.20067143,0.773462,-3.093848,-0.29912174,-3.3929696,3.093848,0.29912174
22.36325572530791,0.2349849,0.75559694,-3.0223877,-0.28546336,-3.307851,3.0223877,0.28546336
22.408048639033268,0.2684176,0.7347917,-2.9391668,-0.26995942,-3.2091262,2.9391668,0.26995942
22.4528415527584,0.30081183,0.70990646,-2.8396258,-0.25198358,-3.0916095,2.8396258,0.25198358
22.49763446648376,0.33201516,0.6811636,-2.7246544,-0.23199193,-2.9566464,2.7246544,0.23199193
22.542498934384298,0.36188096,0.649711,-2.598844,-0.2110622,-2.8099062,2.598844,0.2110622
22.587291848109544,0.39026883,0.61577046,-2.4630818,-0.18958662,-2.6526685,2.4630818,0.18958662
22.632084761834903,0.41704527,0.57795763,-2.3118305,-0.1670175,-2.478848,2.3118305,0.1670175
22.676949229735442,0.44208416,0.5378165,-2.151266,-0.14462331,-2.2958894,2.151266,0.14462331
22.721742143460688,0.4652674,0.49562615,-1.9825046,-0.12282264,-2.1053271,1.9825046,0.12282264
22.766535057185934,0.48648524,0.45030522,-1.8012209,-0.1013874,-1.9026083,1.8012209,0.1013874
22.811399525086586,0.5056372,0.40313023,-1.6125209,-0.08125699,-1.6937779,1.6125209,0.08125699
22.856192438811718,0.52263224,0.35443562,-1.4177425,-0.062812306,-1.4805548,1.4177425,0.062812306
22.900985352537077,0.53738964,0.3034962,-1.2139848,-0.046054974,-1.2600398,1.2139848,0.046054974
22.945849820437616,0.5498392,0.25127494,-1.0050998,-0.031569548,-1.0366694,1.0050998,0.031569548
22.99064273416286,0.55992204,0.19815159,-0.79260635,-0.019632027,-0.8122384,0.79260635,0.019632027
23.03543564788822,0.5675908,0.14379251,-0.57517004,-0.0103381425,-0.58550817,0.57517004,0.0103381425
23.08030011578876,0.5728102,0.08881123,-0.35524493,-0.0039437176,-0.35918865,0.35524493,0.0039437176
23.125093029514005,0.5755573,0.033616748,-0.13446699,-0.00056504284,-0.13503203,0.13446699,0.00056504284
23.16988594323925,0.57582176,-0.021718254,0.08687302,0.00023584129,0.08710886,0.08687302,0.00023584129
23.214750411139903,0.57360613,-0.07695855,0.3078342,0.0029613094,0.31079552,0.3078342,0.0029613094
23.259543324865035,0.5689258,-0.13168523,0.5267409,0.0086705,0.5354114,0.5267409,0.0086705
23.304336238590395,0.561809,-0.18542878,0.74171513,0.017191917,0.7589071,0.74171513,0.017191917
23.349200706490933,0.55229694,-0.2383472,0.9533888,0.028404694,0.9817935,0.9533888,0.028404694
23.39399362021618,0.5404432,-0.29003578,1.1601431,0.04206038,1.2022035,1.1601431,0.04206038
23.43878653394154,0.52631384,-0.33965853,1.3586341,0.05768396,1.416318,1.3586341,0.05768396
23.483651001842077,0.5099868,-0.38776276,1.551051,0.07517998,1.626231,1.551051,0.07517998
23.528443915567436,0.49155146,-0.43398413,1.7359365,0.094171114,1.8301077,1.7359365,0.094171114
23.57323682929257,0.471108,-0.47716826,1.908673,0.113844775,2.022518,1.908673,0.113844775
23.618101297193107,0.44876683,-0.51822925,2.072917,0.13428077,2.2071977,2.072917,0.13428077
23.662894210918353,0.4246478,-0.556866,2.227464,0.15504986,2.3825138,2.227464,0.15504986
23.707687124643712,0.39887953,-0.59166425,2.366657,0.1750333,2.5416903,2.366657,0.1750333
23.75255159254425,0.3715984,-0.6238632,2.495453,0.19460265,2.6900556,2.495453,0.19460265
23.79734450626961,0.34294784,-0.6532392,2.6129568,0.21336073,2.8263175,2.6129568,0.21336073
23.842137419994856,0.31307742,-0.67874515,2.7149806,0.23034748,2.945328,2.7149806,0.23034748
23.8869303337201,0.2821419,-0.700174,2.800696,0.24512179,3.0458176,2.800696,0.24512179
23.931794801620526,0.2503003,-0.71860284,2.8744113,0.258195,3.1326063,2.8744113,0.258195
23.976587715345886,0.21771511,-0.73392177,2.935687,0.26932058,3.2050076,2.935687,0.26932058
24.021380629071245,0.1845513,-0.74437857,2.9775143,0.27704972,3.254564,2.9775143,0.27704972
24.066245096971784,0.15097551,-0.7517128,3.0068512,0.28253606,3.2893872,3.0068512,0.28253606
24.11103801069703,0.11715517,-0.7558987,3.0235949,0.28569144,3.3092864,3.0235949,0.28569144
24.15583092442239,0.0832577,-0.7551602,3.0206409,0.28513348,3.3057742,3.0206409,0.28513348
24.200695392322928,0.049449716,-0.75131667,3.0052667,0.28223836,3.2875051,3.0052667,0.28223836
24.245488306048173,0.015896292,-0.7444202,2.9776807,0.27708068,3.2547615,2.9776807,0.27708068
24.29028121977342,-0.017239783,-0.7327452,2.9309807,0.26845774,3.1994383,2.9309807,0.26845774
24.335145687673958,-0.049798716,-0.7181059,2.8724236,0.25783804,3.1302617,2.8724236,0.25783804
24.379938601399203,-0.08162437,-0.70062643,2.8025057,0.2454387,3.0479445,2.8025057,0.2454387
24.424731515124563,-0.112564914,-0.67870396,2.7148159,0.23031953,2.9451354,2.7148159,0.23031953
24.4695959830251,-0.14247346,-0.6540674,2.6162696,0.21390209,2.8301716,2.6162696,0.21390209
24.514388896750347,-0.17120868,-0.62690604,2.5076241,0.19650559,2.7041297,2.5076241,0.19650559
24.559181810475707,-0.19863535,-0.59580934,2.3832374,0.17749439,2.5607316,2.3832374,0.17749439
24.604046278376245,-0.22462502,-0.5623482,2.2493927,0.15811774,2.4075105,2.2493927,0.15811774
24.648839192101377,-0.24905644,-0.52677083,2.1070833,0.13874376,2.2458272,2.1070833,0.13874376
24.693632105826737,-0.27181622,-0.4879209,1.9516836,0.1190334,2.070717,1.9516836,0.1190334
24.738496573727275,-0.29279926,-0.44714808,1.7885923,0.099970706,1.888563,1.7885923,0.099970706
24.78328948745252,-0.3119093,-0.40475196,1.6190078,0.08191207,1.7009199,1.6190078,0.08191207
24.82808240117788,-0.3290593,-0.3598812,1.4395248,0.064757235,1.504282,1.4395248,0.064757235
24.87294686907842,-0.344172,-0.31361178,1.2544471,0.04917617,1.3036233,1.2544471,0.04917617
24.917739782803665,-0.35718024,-0.26628396,1.0651358,0.035453573,1.1005894,1.0651358,0.035453573
24.96253269652891,-0.36802727,-0.21738781,0.86955124,0.02362873,0.89317995,0.86955124,0.02362873
25.007397164429563,-0.3766671,-0.1676832,0.6707328,0.014058827,0.6847916,0.6707328,0.014058827
25.052190078154695,-0.38306487,-0.1175372,0.4701488,0.0069074966,0.4770563,0.4701488,0.0069074966
25.096982991880054,-0.38719678,-0.066801,0.267204,0.0022311865,0.26943517,0.267204,0.0022311865
25.141847459780593,-0.38905042,-0.01588783,0.06355132,0.00012621158,0.063677534,0.06355132,0.00012621158
25.18664037350584,-0.38862488,0.034825996,-0.13930398,-0.000606425,-0.1399104,0.13930398,0.000606425
25.231433287231198,-0.3859305,0.08523416,-0.34093663,-0.003632431,-0.34456906,0.34093663,0.003632431
25.276226200956444,-0.3809891,0.13488452,-0.5395381,-0.009096917,-0.548635,0.5395381,0.009096917
25.321090668856982,-0.3738336,0.18386301,-0.73545206,-0.016902804,-0.75235486,0.73545206,0.016902804
25.365883582582228,-0.3645079,0.2318096,-0.9272384,-0.026867846,-0.9541063,0.9272384,0.026867846
25.410676496307474,-0.35306674,0.27805397,-1.1122159,-0.038657006,-1.1508728,1.1122159,0.038657006
25.455540964208012,-0.33957508,0.3230296,-1.2921184,-0.052174065,-1.3442925,1.2921184,0.052174065
25.50033387793337,-0.32410794,0.36641064,-1.4656426,-0.06712838,-1.532771,1.4656426,0.06712838
25.54512679165873,-0.30674988,0.40722385,-1.6288954,-0.082915634,-1.7118111,1.6288954,0.082915634
25.58999125955927,-0.2875945,0.44624066,-1.7849627,-0.099565364,-1.884528,1.7849627,0.099565364
25.634784173284515,-0.26674387,0.48318437,-1.9327375,-0.116733566,-2.0494711,1.9327375,0.116733566
25.679577087009648,-0.24430802,0.5168261,-2.0673044,-0.13355461,-2.200859,2.0673044,0.13355461
25.724441554910413,-0.22040431,0.54823667,-2.1929467,-0.15028173,-2.3432283,2.1929467,0.15028173
25.769234468635545,-0.19515677,0.5771983,-2.3087933,-0.16657895,-2.4753723,2.3087933,0.16657895
25.814027382360905,-0.16869552,0.60228246,-2.4091299,-0.18137208,-2.590502,2.4091299,0.18137208
25.858891850261443,-0.14115605,0.6248067,-2.4992268,-0.19519171,-2.6944184,2.4992268,0.19519171
25.90368476398669,-0.11267856,0.6446193,-2.5784771,-0.20776701,-2.7862442,2.5784771,0.20776701
25.94847767771205,-0.0834073,0.66015476,-2.640619,-0.21790215,-2.8585212,2.640619,0.21790215
25.993342145612587,-0.053489856,0.6729137,-2.6916547,-0.22640641,-2.918061,2.6916547,0.22640641
26.038135059337833,-0.02307649,0.682814,-2.731256,-0.23311748,-2.9643736,2.731256,0.23311748
26.08292797306308,0.007680599,0.6882222,-2.752889,-0.23682491,-2.989714,2.752889,0.23682491
26.12779244096373,0.038627937,0.69075227,-2.763009,-0.23856935,-3.0015783,2.763009,0.23856935
26.172585354688863,0.069611505,0.69039345,-2.7615738,-0.23832156,-2.9998953,2.7615738,0.23832156
26.217378268414222,0.100477405,0.68551654,-2.7420661,-0.23496646,-2.9770327,2.7420661,0.23496646
26.26224273631476,0.13107261,0.6777762,-2.7111049,-0.2296903,-2.9407952,2.7111049,0.2296903
26.307035650040007,0.16124564,0.667234,-2.668936,-0.22260061,-2.8915367,2.668936,0.22260061
26.351828563765366,0.19084732,0.65233874,-2.609355,-0.21277292,-2.8221278,2.609355,0.21277292
26.396693031665905,0.2197314,0.6347134,-2.5388536,-0.20143056,-2.7402842,2.5388536,0.20143056
26.44148594539115,0.24775536,0.6144912,-2.457965,-0.18879974,-2.6467648,2.457965,0.18879974
26.486278859116396,0.2747811,0.59026986,-2.3610795,-0.17420925,-2.5352888,2.3610795,0.17420925
26.531143327016935,0.30067554,0.56357247,-2.2542899,-0.15880696,-2.413097,2.2542899,0.15880696
26.57593624074218,0.32531148,0.53459984,-2.1383994,-0.1428985,-2.281298,2.1383994,0.1428985
26.62072915446754,0.3485681,0.50216347,-2.0086539,-0.12608407,-2.134738,2.0086539,0.12608407
26.66559362236808,0.3703317,0.46762064,-1.8704826,-0.10933453,-1.9798172,1.8704826,0.10933453
26.710386536093324,0.39049625,0.431233,-1.724932,-0.09298094,-1.8179129,1.724932,0.09298094
26.755179449818684,0.40896407,0.3920799,-1.5683196,-0.07686332,-1.6451828,1.5683196,0.07686332
26.800043917719222,0.42564622,0.3512949,-1.4051796,-0.061704054,-1.4668837,1.4051796,0.061704054
26.844836831444468,0.4404632,0.30918846,-1.2367538,-0.04779875,-1.2845526,1.2367538,0.04779875
26.889629745169714,0.45334512,0.26532188,-1.0612875,-0.03519785,-1.0964854,1.0612875,0.03519785
26.93442265889496,0.46423227,0.22009964,-0.8803986,-0.024221927,-0.9046205,0.8803986,0.024221927
26.979287126795498,0.4730754,0.17399803,-0.6959921,-0.015137657,-0.7111298,0.6959921,0.015137657
27.024080040520857,0.47983578,0.12736653,-0.5094661,-0.0081111165,-0.51757723,0.5094661,0.0081111165
27.068872954246103,0.48448563,0.080034256,-0.32013702,-0.003202741,-0.32333976,0.32013702,0.003202741
27.11373742214664,0.48700804,0.032433778,-0.12973511,-0.00052597496,-0.1302611,0.12973511,0.00052597496
27.158530335872,0.48739696,-0.015078169,0.060312677,0.0001136756,0.060426354,0.060312677,0.0001136756
27.203323249597133,0.48565724,-0.062338423,0.24935369,0.0019430395,0.25129673,0.24935369,0.0019430395
27.24818771749767,0.4818045,-0.10925872,0.43703488,0.0059687337,0.4430036,0.43703488,0.0059687337
27.29298063122303,0.47586474,-0.15549526,0.621981,0.0120893875,0.6340704,0.621981,0.0120893875
27.337773544948277,0.46787432,-0.20056406,0.8022562,0.02011297,0.8223692,0.8022562,0.02011297
27.382638012848815,0.4578795,-0.24472433,0.97889733,0.029945,1.0088423,0.97889733,0.029945
27.427430926574175,0.4459361,-0.28766218,1.1506487,0.041374765,1.1920235,1.1506487,0.041374765
27.472223840299534,0.43210906,-0.32859942,1.3143977,0.053988792,1.3683865,1.3143977,0.053988792
27.517088308200073,0.4164719,-0.36812893,1.4725157,0.067759454,1.5402751,1.4725157,0.067759454
27.561881221925205,0.39910638,-0.40597916,1.6239166,0.08240954,1.7063261,1.6239166,0.08240954
27.606674135650564,0.38010192,-0.44111353,1.7644541,0.097290576,1.8617446,1.7644541,0.097290576
27.65153860355099,0.3595549,-0.47442752,1.8977101,0.11254074,2.0102508,1.8977101,0.11254074
27.69633151727635,0.33756834,-0.505702,2.022808,0.12786727,2.1506753,2.022808,0.12786727
27.741124431001708,0.31425115,-0.5336852,2.1347408,0.14240995,2.2771509,2.1347408,0.14240995
27.785988898902247,0.28971764,-0.5595305,2.238122,0.15653719,2.3946593,2.238122,0.15653719
27.830781812627492,0.26408693,-0.58307606,2.3323042,0.16998884,2.502293,2.3323042,0.16998884
27.875574726352852,0.2374823,-0.602906,2.411624,0.18174781,2.5933719,2.411624,0.18174781
27.92043919425339,0.21003067,-0.6203782,2.4815128,0.19243455,2.6739473,2.4815128,0.19243455
27.965232107978522,0.18186203,-0.6353889,2.5415556,0.20185953,2.743415,2.5415556,0.20185953
28.010025021703882,0.15310884,-0.64641595,2.5856638,0.2089268,2.7945905,2.5856638,0.2089268
28.05488948960442,0.12390542,-0.65495944,2.6198378,0.21448593,2.8343236,2.6198378,0.21448593
28.099682403329666,0.094387464,-0.6609753,2.643901,0.21844415,2.8623452,2.643901,0.21844415
28.144475317055026,0.0646914,-0.6628973,2.6515892,0.21971641,2.8713055,2.6515892,0.21971641
28.189339784955564,0.034953836,-0.6623029,2.6492116,0.21932258,2.8685343,2.6492116,0.21932258
28.23413269868081,0.005310982,-0.65920854,2.6368341,0.21727794,2.8541121,2.6368341,0.21727794
28.278925612406056,-0.024101904,-0.6525818,2.6103272,0.21293151,2.8232589,2.6103272,0.21293151
28.3237185261313,-0.053151097,-0.6424895,2.569958,0.20639637,2.7763543,2.569958,0.20639637
28.36858299403184,-0.08170497,-0.629982,2.519928,0.19843866,2.7183666,2.519928,0.19843866
28.4133759077572,-0.109634556,-0.61467814,2.4587126,0.18891461,2.647627,2.4587126,0.18891461
28.458240375657738,-0.13681413,-0.5965584,2.3862336,0.17794096,2.5641747,2.3862336,0.17794096
28.503033289382984,-0.16312174,-0.57627,2.30508,0.16604355,2.4711235,2.30508,0.16604355
28.547826203108343,-0.18843976,-0.5529184,2.2116735,0.15285936,2.364533,2.2116735,0.15285936
28.592619116833475,-0.2126554,-0.5267107,2.1068428,0.13871208,2.245555,2.1068428,0.13871208
28.637483584734127,-0.23566127,-0.49854654,1.9941862,0.12427433,2.1184604,1.9941862,0.12427433
28.682276498459373,-0.2573558,-0.4686295,1.874518,0.109806806,1.9843248,1.874518,0.109806806
28.72706941218462,-0.27764383,-0.43591997,1.7436799,0.09501311,1.838693,1.7436799,0.09501311
28.771933880085157,-0.29643682,-0.40160853,1.6064341,0.080644704,1.6870788,1.6064341,0.080644704
28.816726793810517,-0.31365347,-0.3659419,1.4637676,0.06695674,1.5307244,1.4637676,0.06695674
28.861519707535763,-0.32922003,-0.32813632,1.3125453,0.053836726,1.366382,1.3125453,0.053836726
28.9063841754363,-0.34307054,-0.28914985,1.1565994,0.04180382,1.1984032,1.1565994,0.04180382
28.95117708916166,-0.35514724,-0.24925968,0.9970387,0.031065194,1.028104,0.9970387,0.031065194
28.995970002886793,-0.36540067,-0.20796706,0.83186823,0.021625148,0.8534934,0.83186823,0.021625148
29.040834470787445,-0.37379003,-0.16595986,0.66383946,0.013771338,0.6776108,0.66383946,0.013771338
29.08562738451269,-0.3802832,-0.1235342,0.4941368,0.0076303496,0.50176716,0.4941368,0.0076303496
29.130420298237937,-0.38485694,-0.08049251,0.32197005,0.0032395222,0.32520956,0.32197005,0.0032395222
29.175284766138475,-0.38749686,-0.03722583,0.14890333,0.00069288124,0.1495962,0.14890333,0.00069288124
29.220077679863834,-0.3881976,0.005963071,-0.023852283,-1.7779106e-05,-0.023870062,0.023852283,1.7779106e-05
29.264870593589194,-0.38696265,0.048965912,-0.19586365,-0.0011988303,-0.19706248,0.19586365,0.0011988303
29.30973506148962,-0.38380438,0.0917019,-0.3668076,-0.0042046197,-0.37101224,0.3668076,0.0042046197
29.354527975214978,-0.37874395,0.13387452,-0.5354981,-0.008961193,-0.5444593,0.5354981,0.008961193
29.39932088894011,-0.37181112,0.17507578,-0.70030314,-0.015325765,-0.7156289,0.70030314,0.015325765
29.444185356840876,-0.3630442,0.21553384,-0.86213535,-0.023227418,-0.88536274,0.86213535,0.023227418
29.488978270566008,-0.3524898,0.2549696,-1.0198784,-0.03250475,-1.0523832,1.0198784,0.03250475
29.533771184291368,-0.34020254,0.29269478,-1.1707791,-0.042835116,-1.2136142,1.1707791,0.042835116
29.578635652191906,-0.32624492,0.32923353,-1.3169341,-0.054197356,-1.3711314,1.3169341,0.054197356
29.623428565917152,-0.31068692,0.36433414,-1.4573365,-0.06636968,-1.5237062,1.4573365,0.06636968
29.66822147964251,-0.29360574,0.39705706,-1.5882282,-0.07882715,-1.6670554,1.5882282,0.07882715
29.71308594754305,-0.27508557,0.42819732,-1.7127893,-0.09167647,-1.8044658,1.7127893,0.09167647
29.757878861268296,-0.2552169,0.45754,-1.83016,-0.104671426,-1.9348315,1.83016,0.104671426
29.80267177499354,-0.23409647,0.48393732,-1.9357493,-0.11709767,-2.052847,1.9357493,0.11709767
29.84753624289408,-0.21182656,0.50841856,-2.0336742,-0.12924471,-2.162919,2.0336742,0.12924471
29.892329156619326,-0.18851471,0.53081524,-2.123261,-0.14088242,-2.2641435,2.123261,0.14088242
29.937122070344685,-0.16427304,0.550275,-2.2011,-0.1514013,-2.3525014,2.2011,0.1514013
29.98191498406993,-0.13921787,0.56663454,-2.2665381,-0.16053735,-2.4270754,2.2665381,0.16053735
30.02677945197047,-0.11346903,0.5807607,-2.3230429,-0.16864151,-2.4916844,2.3230429,0.16864151
30.07157236569583,-0.08714936,0.59256047,-2.3702419,-0.17556396,-2.545806,2.3702419,0.17556396
30.11636527942096,-0.06038401,0.60060954,-2.4024382,-0.1803659,-2.582804,2.4024382,0.1803659
30.1612297473215,-0.03329984,0.60630405,-2.4252162,-0.1838023,-2.6090186,2.4252162,0.1838023
30.20602266104686,-0.0060247495,0.6096148,-2.4384592,-0.1858151,-2.6242743,2.4384592,0.1858151
30.250815574772105,0.021313006,0.6091012,-2.4364047,-0.18550213,-2.6219068,2.4364047,0.18550213
30.295680042672643,0.048585493,0.60622495,-2.4248998,-0.18375435,-2.6086543,2.4248998,0.18375435
30.340472956398003,0.07566579,0.6010232,-2.4040928,-0.18061444,-2.5847073,2.4040928,0.18061444
30.38526587012325,0.10242865,0.5921004,-2.3684015,-0.17529143,-2.543693,2.3684015,0.17529143
30.430130338023787,0.12875119,0.58092326,-2.323693,-0.16873592,-2.492429,2.323693,0.16873592
30.474923251749146,0.15451354,0.5675922,-2.2703688,-0.16108045,-2.4314492,2.2703688,0.16108045
30.51971616547428,0.1795994,0.55081356,-2.2032542,-0.15169778,-2.354952,2.2032542,0.15169778
30.564580633374817,0.20389672,0.5319965,-2.127986,-0.14151013,-2.269496,2.127986,0.14151013
30.609373547100176,0.22729819,0.51129764,-2.0451906,-0.13071264,-2.1759033,2.0451906,0.13071264
30.654166460825422,0.24970174,0.4875747,-1.9502988,-0.118864544,-2.0691633,1.9502988,0.118864544
30.69903092872596,0.27101105,0.46211845,-1.8484738,-0.10677673,-1.9552505,1.8484738,0.10677673
30.74382384245132,0.2911359,0.43512985,-1.7405194,-0.09466899,-1.8351884,1.7405194,0.09466899
30.788616756176566,0.30999252,0.405658,-1.622632,-0.08227921,-1.7049112,1.622632,0.08227921
30.833481224077104,0.32750395,0.37482107,-1.4992843,-0.070245415,-1.5695297,1.4992843,0.070245415
30.87827413780235,0.3436002,0.3428518,-1.3714072,-0.058773674,-1.4301808,1.3714072,0.058773674
30.923067051527596,0.3582186,0.30902058,-1.2360823,-0.04774686,-1.2838292,1.2360823,0.04774686
30.967931519428134,0.3713037,0.27422807,-1.0969123,-0.037600517,-1.1345128,1.0969123,0.037600517
31.012724433153494,0.38280767,0.23840255,-0.9536102,-0.028417887,-0.98202807,0.9536102,0.028417887
31.057660455229325,0.39269003,0.2019092,-0.8076368,-0.020383662,-0.82802045,0.8076368,0.020383662
31.102381814779278,0.40091804,0.1651031,-0.6604124,-0.013629516,-0.67404187,0.6604124,0.013629516
31.147174728504638,0.4074664,0.12724511,-0.50898045,-0.008095659,-0.51707613,0.50898045,0.008095659
31.19196764222977,0.4123174,0.08919611,-0.35678443,-0.003977973,-0.36076242,0.35678443,0.003977973
31.236832110130536,0.41546077,0.05101132,-0.20404528,-0.0013010774,-0.20534636,0.20404528,0.0013010774
31.281625023855668,0.41689366,0.012946101,-0.051784404,-8.380076e-05,-0.051868204,0.051784404,8.380076e-05
31.326417937581027,0.41662055,-0.024958547,0.09983419,0.00031146454,0.10014565,0.09983419,0.00031146454
31.371282405481452,0.41465324,-0.062600985,0.25040394,0.0019594417,0.25236338,0.25040394,0.0019594417
31.41607531920681,0.4110106,-0.09973315,0.3989326,0.0049733506,0.40390596,0.3989326,0.0049733506
31.46086823293217,0.40571856,-0.13605125,0.544205,0.0092549715,0.55346,0.544205,0.0092549715
31.50573270083271,0.39881003,-0.17172407,0.68689626,0.014744577,0.70164084,0.68689626,0.014744577
31.550525614557955,0.39032477,-0.2065152,0.8260608,0.021324262,0.84738505,0.8260608,0.021324262
31.5953185282832,0.3803092,-0.24008803,0.9603521,0.028821131,0.98917323,0.9603521,0.028821131
31.640111442008447,0.3688163,-0.27216375,1.088655,0.037036553,1.1256915,1.088655,0.037036553
31.684975909908985,0.35590547,-0.30311057,1.2124423,0.045938008,1.2583803,1.2124423,0.045938008
31.729768823634345,0.34164238,-0.33271804,1.3308722,0.05535065,1.3862228,1.3308722,0.05535065
31.77456173735959,0.32609865,-0.36013496,1.4405398,0.064848594,1.5053884,1.4405398,0.064848594
31.81942620526013,0.30935174,-0.38608912,1.5443565,0.074532405,1.6188889,1.5443565,0.074532405
31.86421911898549,0.29148474,-0.41039866,1.6415946,0.08421353,1.7258081,1.6415946,0.08421353
31.90901203271062,0.27258584,-0.43203473,1.7281389,0.093327,1.821466,1.7281389,0.093327
31.953876500611273,0.2527482,-0.45191735,1.8076694,0.10211465,1.9097841,1.8076694,0.10211465
31.99866941433652,0.2320695,-0.4699026,1.8796104,0.11040423,1.9900147,1.8796104,0.11040423
32.043462328061764,0.21065158,-0.4848312,1.9393249,0.11753065,2.0568554,1.9393249,0.11753065
32.0883267959623,0.18859985,-0.4977788,1.9911152,0.12389187,2.1150072,1.9911152,0.12389187
32.13311970968766,0.16602293,-0.50864995,2.0345998,0.12936239,2.1639621,2.0345998,0.12936239
32.17791262341291,0.14303203,-0.5162108,2.0648432,0.1332368,2.19808,2.0648432,0.1332368
32.222777091313446,0.1197404,-0.5216484,2.0865936,0.13605852,2.2226522,2.0865936,0.13605852
32.267570005038806,0.09626275,-0.5249243,2.099697,0.13777275,2.23747,2.099697,0.13777275
32.31236291876394,0.07271462,-0.5247883,2.0991533,0.13770139,2.2368546,2.0991533,0.13770139
32.35722738666459,0.049211737,-0.5224897,2.089959,0.13649775,2.2264566,2.089959,0.13649775
32.402020300389836,0.02586936,-0.51805145,2.0722058,0.13418865,2.2063944,2.0722058,0.13418865
32.44681321411508,0.002801667,-0.5102642,2.0410569,0.13018478,2.1712418,2.0410569,0.13018478
32.49167768201562,-0.019878916,-0.5003856,2.0015423,0.12519287,2.1267352,2.0015423,0.12519287
32.53647059574098,-0.04206233,-0.488499,1.953996,0.11931563,2.0733116,1.953996,0.11931563
32.581263509466226,-0.0636415,-0.4734887,1.8939548,0.112095766,2.0060506,1.8939548,0.112095766
32.626127977366764,-0.084512904,-0.45656458,1.8262583,0.104225606,1.9304839,1.8262583,0.104225606
32.67092089109212,-0.104577124,-0.43786478,1.7514591,0.09586278,1.8473219,1.7514591,0.09586278
32.715713804817256,-0.123739384,-0.41641292,1.6656517,0.08669986,1.7523515,1.6656517,0.08669986
32.760578272717794,-0.14190999,-0.39331627,1.5732651,0.07734884,1.6506139,1.5732651,0.07734884
32.80537118644315,-0.15900476,-0.36875764,1.4750305,0.0679911,1.5430217,1.4750305,0.0679911
32.8501641001684,-0.17494544,-0.3419383,1.3677531,0.058460895,1.4262141,1.3677531,0.058460895
32.89502856806894,-0.18966006,-0.3138129,1.2552516,0.04923927,1.3044909,1.2552516,0.04923927
32.9398214817943,-0.20308311,-0.28459734,1.1383893,0.04049782,1.1788871,1.1383893,0.04049782
32.98461439551966,-0.21515594,-0.25387695,1.0155078,0.032226752,1.0477346,1.0155078,0.032226752
33.02940730924479,-0.22582689,-0.22193184,0.8877274,0.024626872,0.91235423,0.8877274,0.024626872
33.07427177714544,-0.23505144,-0.18919984,0.75679934,0.01789829,0.7746976,0.75679934,0.01789829
33.11906469087057,-0.2427924,-0.15582561,0.62330246,0.012140811,0.6354433,0.62330246,0.012140811
33.16392915877111,-0.24901992,-0.12176137,0.48704547,0.007412915,0.49445838,0.48704547,0.007412915
33.20872207249647,-0.25371164,-0.08743242,0.3497297,0.0038222142,0.3535519,0.3497297,0.0038222142
33.25351498622183,-0.25685263,-0.052729182,0.21091673,0.0013901833,0.21230692,0.21091673,0.0013901833
33.298307899947076,-0.25843543,-0.017956216,0.07182486,0.00016121284,0.07198608,0.07182486,0.00016121284
33.343172367847615,-0.25846004,0.016775722,-0.06710289,-0.00014071242,-0.0672436,0.06710289,0.00014071242
33.387965281572974,-0.25693384,0.0512202,-0.2048808,-0.0013117545,-0.20619255,0.2048808,0.0013117545
33.432758195298106,-0.25387144,0.08517634,-0.34070536,-0.0036275045,-0.34433287,0.34070536,0.0036275045
33.477622663198645,-0.24929474,0.11868741,-0.47474965,-0.007043351,-0.48179302,0.47474965,0.007043351
33.522415576924004,-0.24323262,0.15151772,-0.6060709,-0.01147881,-0.61754966,0.6060709,0.01147881
33.56720849064925,-0.2357209,0.1832339,-0.7329356,-0.016787332,-0.74972296,0.7329356,0.016787332
33.61207295854979,-0.22680213,0.21412379,-0.85649514,-0.022924498,-0.8794196,0.85649514,0.022924498
33.65686587227515,-0.21652532,0.24397077,-0.97588307,-0.029760867,-1.005644,0.97588307,0.029760867
33.701658786000394,-0.2049458,0.27212998,-1.0885199,-0.037027363,-1.1255473,1.0885199,0.037027363
33.74652325390093,-0.1921249,0.2991169,-1.1964676,-0.04473546,-1.2412031,1.1964676,0.04473546
33.79131616762618,-0.17812967,0.32474285,-1.2989714,-0.052728962,-1.3517004,1.2989714,0.052728962
33.836109081351424,-0.16303255,0.34818178,-1.3927271,-0.06061528,-1.4533424,1.3927271,0.06061528
33.88097354925196,-0.14691101,0.37015206,-1.4806082,-0.06850627,-1.5491145,1.4806082,0.06850627
33.92576646297732,-0.12984723,0.3905012,-1.5620048,-0.07624559,-1.6382504,1.5620048,0.07624559
33.97055937670257,-0.111927636,0.40826005,-1.6330402,-0.083338134,-1.7163783,1.6330402,0.083338134
34.015423844603106,-0.093242526,0.42431733,-1.6972693,-0.0900226,-1.7872919,1.6972693,0.0900226
34.060216758328465,-0.073885575,0.43856394,-1.7542558,-0.096169166,-1.8504249,1.7542558,0.096169166
34.10500967205371,-0.053953413,0.4499321,-1.7997284,-0.101219445,-1.9009478,1.7997284,0.101219445
34.14987413995425,-0.033545133,0.45944077,-1.8377631,-0.10554291,-1.943306,1.8377631,0.10554291
34.194667053679495,-0.012761808,0.4670286,-1.8681144,-0.10905785,-1.9771723,1.8681144,0.10905785
34.23945996740474,0.008294011,0.47157717,-1.8863087,-0.11119251,-1.9975011,1.8863087,0.11119251
34.28432443530528,0.029518781,0.47418982,-1.8967593,-0.112427995,-2.0091872,1.8967593,0.112427995
34.32911734903064,0.05080847,0.4748549,-1.8994195,-0.11274358,-2.0121632,1.8994195,0.11274358
34.373910262755885,0.07205905,0.4724515,-1.889806,-0.11160521,-2.0014112,1.889806,0.11160521
34.41877473065642,0.093166955,0.46811777,-1.8724711,-0.10956713,-1.9820383,1.8724711,0.10956713
34.46356764438178,0.1140296,0.4618904,-1.8475616,-0.10667137,-1.9542329,1.8475616,0.10667137
34.508360558106915,0.13454579,0.4526938,-1.8107752,-0.10246583,-1.913241,1.8107752,0.10246583
34.55322502600757,0.15461618,0.44164938,-1.7665975,-0.09752709,-1.8641245,1.7665975,0.09752709
34.59801793973281,0.17414373,0.42949563,-1.7179825,-0.09223325,-1.8102158,1.7179825,0.09223325
34.64281085345806,0.1930929,0.41516182,-1.6606473,-0.086179666,-1.7468269,1.6606473,0.086179666
34.6876753213586,0.21136492,0.39904985,-1.5961994,-0.07962039,-1.6758198,1.5961994,0.07962039
34.73246823508396,0.22887184,0.381319,-1.525276,-0.07270209,-1.597978,1.525276,0.07270209
34.7772611488092,0.2455257,0.3610216,-1.4440864,-0.0651683,-1.5092547,1.4440864,0.0651683
34.82212561670974,0.26123855,0.33901438,-1.3560575,-0.057465374,-1.413523,1.3560575,0.057465374
34.8669185304351,0.27592245,0.31535015,-1.2614006,-0.049722858,-1.3111235,1.2614006,0.049722858
34.91171144416023,0.28948945,0.28943333,-1.1577333,-0.041885827,-1.1996192,1.1577333,0.041885827
34.95650435788559,0.30185157,0.2613677,-1.0454708,-0.03415654,-1.0796274,1.0454708,0.03415654
35.00136882578613,0.3129209,0.23150025,-0.926001,-0.026796184,-0.9527972,0.926001,0.026796184
35.04616173951149,0.32260945,0.19990209,-0.79960835,-0.019980423,-0.8195888,0.79960835,0.019980423
35.090954653236736,0.3308293,0.16602665,-0.6641066,-0.013782425,-0.67788905,0.6641066,0.013782425
35.135819121137274,0.33749247,0.13026395,-0.5210558,-0.008484349,-0.5295402,0.5210558,0.008484349
35.180612034862634,0.34251103,0.09269922,-0.3707969,-0.004296573,-0.37509346,0.3707969,0.004296573
35.225404948587766,0.345797,0.053028047,-0.21211219,-0.0014059868,-0.21351817,0.21211219,0.0014059868
35.27026941648842,0.34726247,0.03266437,-0.13065748,-0.00053348055,-0.13119096,0.13065748,0.00053348055
